customer_id,gender,signup_date,customer_dob,customer_name,marital_status,customer_type,account_status,region,country,state,city,postal code,email,phone
1000,male,2024-01-30,2003-04-02,Andre Lane,Married,prime,Suspended,  aSIa  ,INDia,karNatAka,  benGaLuRU  ,560001,ANDRE.LANE@YAHOO.COM,+21-616-1672
1001,female,2024-05-28,1999-03-17,Michelle Lawson,Married,prime,Inactive,AsiA,  iNdIA  ,  mahARashtRa  ,mumbai)),400001,michelle.lawson@hotmail.comm,+15-543-1628
1002,m,2025-02-23,1964-01-22,Thomas Pope,Married,prime,,Asia,  jaPan  ,    TokyO    @,  SHiNJUKu  ,1600022@,,+4-682-8719
1003,female,2024-10-08,1975-02-23,Dylan Walker,single,non-prime,Active,  ASIa  ,  JapAn  $,oSaKA,KItA,5300001!,dylan.walker@yahoo.comm,+14-568-6894
1004,F,2023-07-24,2000-01-14,Adam,Married,prime,Inactive,  eUROpE  ,  geRmAny  ,bAVARIa,  MunIcH  $,80331,adam@hotmail.comm,+54-216-9224
1005,,2023-09-03,1973-01-01,Gloria Parker,single,non-prime,Inactive,EurOpe,gERmany,  bERlIN  $,BerLIn#,10115,gloria.parker@gmail.comm,+59-270-6493
1006,male,2025-06-15,1963-07-20,Kimberly Figueroa,Married,non-prime,,AfRiCA$,niGErIA#,LAgOs!,iKeJa!,100001@,kimberly.figueroagmail.com,+49-507-9030
1007,Male,2024-09-27,1955-03-08,Amy Perez,single,prime,Suspended,AfRiCA,nIgeRIa!,  ABUJA  , MaitAMA  @,  900271  !,amy.perezhotmail.com,+67-552-1340
1008,,2025-05-16,1990-09-29,Shannon Rodriguez Smith,s,prime,Inactive,noRTh aMerica,Usa,cAlIFoRNia,lOs AnGELes,90001,shannonrodriguez@yahoocom,+15-695-3565
1009,Female,2025-02-24,1970-04-21,Donald Hoffman,M,non-prime,Inactive,nOrtH ameriCA,UsA$,nEW York,NEW YoRk,10001,donald.hoffmanyahoo.com,+3-774-6630
1010,m,2024-01-06,1972-06-01,Jonathan,s,non-prime,Suspended,soUTh AmerIcA,BrAzIL,  São PaUlo  #,SÃO paulo,01000-000,jonathan@hotmail.comm,+87-413-7132
1011,other,2023-12-22,,Scott Torres Lee Lee,s,non-prime,Suspended,SoutH aMeRIcA,BraZIl,RIo dE jANEiRo,  Rio de JaneiRo  ,20000-000,scott.torresgmail.com,+12-416-9436
1012,f,2024-12-28,2002-08-09,Elizabeth,Married,non-prime,Active,  ASIA  #,  INDiA  ,  kArNATaka  ,  BEngalURU  ,560001,elizabeth@yahoo.comm,+62-986-6349
1013,m,2025-06-29,1973-11-14,Mr. Lawrence Brooks,Single,non-prime,Inactive,  ASia  ,INdIa!,  mahARashtRa  ,mumbai)),  400001  #,mr..lawrence.brooks@gmail.comm,+98-386-8324
1014,M,2023-10-30,2007-01-26,Chad Brady Fernandez Ali,M,non-prime,Suspended,aSiA,  jApan  ,    TokyO    @,  SHiNJUKu  ,  1600022  !,chad.brady@yahoo.comm,+58-117-4255
1015,M,2025-03-30,1987-08-17,Shelby,Married,non-prime,Inactive,Asia!,jaPAn,osAKa,kitA,5300001$,shelby@@hotmail.com,+57-870-3285
1016,F,2024-08-29,1965-04-18,Sandra Brown Almeida,single,non-prime,,europe,  GERmANy  ,baVaria@,Munich@,80331,sandra.brownhotmail.com,+28-905-5737
1017,Male,2024-02-26,1954-12-17,Sarah Almeida,married,,,  eURoPe  ,GERManY,  bERLin  ,bERlin,10115,,+45-503-5693
1018,m,2024-08-30,1995-06-28,Jean Smith,single,,,AFRica!,NigEria,lagos   ,IKeja,100001,jean.smith@@yahoo.com,+28-895-6799
1019,,2025-05-24,1984-06-12,Amanda,Married,prime,Suspended,  AFriCA  ,  niGeriA  !,  AbujA  !,MaitAMA,900271,amanda@@yahoo.com,+90-322-9094
1020,female,2025-07-12,1987-10-24,Travis,,non-prime,,noRtH AMerica,  uSA  #,calIFornIA,lOs angeLes,90001,,+4-908-7835
1021,Female,2025-01-07,1960-04-11,Heather,single,,,nOrTH aMERICa,  usA  @,  NeW yOrk  $,  NeW yOrk  $,10001,heather@yahoocom,+90-192-3586
1022,M,2025-05-15,2004-11-16,Rhonda Liu,M,prime,Suspended,SOUtH AmeriCA#,brAziL,   São PaUlo   $,  SãO PAuLO  ,01000-000!,rhonda.liugmail.com,+97-147-6442
1023,F,2024-03-26,1956-06-20,Jacqueline Perry,m,non-prime,Suspended,sOUtH AMerica,  BRazil  ,RIo dE JAnEIRo$,RIO DE jAnEirO,20000-000,JACQUELINE.PERRY@GMAIL.COM,+20-753-8621
1024,F,2024-05-30,1991-01-20,Amanda,single,prime,,  aSIa  ,India,@@karnataka,  bEngALUrU  ,560001$,amanda@@yahoo.com,+28-270-1693
1025,f,2025-02-09,1960-12-23,Scott,m,prime,,asiA,INdiA,  mAhARasHtrA  $,mUmbai,400001, scott@gmail.com ,+80-681-4578
1026,F,2025-02-12,1980-09-23,Diane Gilbert,Married,non-prime,Inactive,aSia,  jApAN  ,tokyo),shiNjukU,1600022, diane.gilbert@gmail.com ,+63-929-6460
1027,f,2023-10-12,2005-03-23,Rebecca Petty,single,prime,Inactive,  asIA  ,jAPAn,  OSAka  ,KIta$,5300001,REBECCA.PETTY@GMAIL.COM,+67-863-9479
1028,M,2025-04-17,1962-02-03,Randy Singh,single,prime,Active,EURopE,  gERMAnY  !,  BaVaRIA  ,muNich#,80331,,+65-165-2012
1029,Male,2023-12-01,1981-08-01,Micheal Almeida,single,prime,Active,EUroPe,GERMaNy,BerLin  ,  bErlin  !,10115#,MICHEAL@YAHOO.COM,+86-704-8065
1030,Male,2024-04-28,1965-05-01,Stacey Dixon,,,Suspended,  aFRIca  ,nIgerIA,  LaGos  ,iKeJa,100001,,+69-158-9325
1031,Female,2024-01-24,2002-09-24,Christopher Müller Yadav,m,prime,Inactive,afrIca,  NigEria  ,  ABujA  #,MaitAMA,900271@,,+66-342-4523
1032,m,2024-01-04,1973-04-29,Emily,M,prime,,  NoRth amERiCa  #,  UsA  ,CAlIForNIa,LOS aNGELES,90001, emily@hotmail.com ,+27-718-3252
1033,female,2024-09-05,2005-01-31,James Barber,M,prime,,  noRTh ameriCa  ,uSA$,  nEW yORK  ,nEw york,10001#,JAMES.BARBER@HOTMAIL.COM,+36-772-6898
1034,M,2025-05-14,1979-03-15,Brittany,single,non-prime,,  soUtH aMeRiCa  ,  BRAZIL  ,  São PaUlo  ,  sÃO PAulO  ,01000-000,,+75-715-4331
1035,f,2023-12-31,1994-10-02,Samuel Simpson,Single,non-prime,Suspended,SOuth amERica,BRaZiL,  rIo De janeIRo  !,  RIo de janEIrO  ,  20000-000  #,samuel.simpsonhotmail.com,+81-850-8403
1036,female,2024-04-07,1998-07-25,Derek Osborn,Single,,,  asia  ,inDIa,  KARNAtAkA  #,  BEngalURU  ,  560001  #,derek.osborn@hotmail.comm,+34-118-4127
1037,f,2025-04-08,,Sarah García,,non-prime,Active,  ASIa  $,INdIA$,  MahArASHtRA  ,mumBai,400001,sarah@hotmailcom,+46-509-1353
1038,M,2024-11-02,1991-02-26,William Wright,Married,non-prime,Inactive,ASIA,  JApAN  $,    TokyO    @,  SHiNJUKu  ,  1600022  #,william.wright@@yahoo.com,+13-646-1652
1039,female,2024-03-19,1955-08-12,Sara Perez,single,prime,,  aSia  ,JAPAn,osaKa,  kITA  ,5300001,saraperez@yahoocom,+25-462-1545
1040,female,2025-06-27,1980-09-29,Kevin Stout Singh,m,non-prime,,eURoPe#,  gErMANY  $,  bAvaRIA  @,Munich,80331#,,+32-650-9325
1041,Female,2024-11-27,1969-03-23,Tyler Olsen,single,non-prime,Active,eUrOpE,  geRMAnY  !,  bErLIn  ,bErlIN,10115,tylerolsen@yahoocom,+29-274-7640
1042,Male,2025-01-11,1979-04-19,Edward,s,non-prime,,afrICa,nigeRia,  lagoS  ,  ikeja  #,100001,,+58-238-2621
1043,other,2025-01-20,2002-04-23,Deborah Wood,Married,non-prime,,AfrIcA$,niGEria,  Abuja  ,MaitAMa$,900271,,+32-122-3775
1044,Male,2024-01-24,2004-01-20,Kristen Galloway,M,prime,Active,NorTH AMeRICa,  uSA  ,CalIFORnIA,LOS aNgELES,90001,,+18-243-1435
1045,male,2025-01-16,2005-11-14,Kyle Jordan,married,,Active,NOrtH americA,USa,nEw YoRK@,NEw yoRk,10001#,kyle.jordan@@gmail.com,+79-588-1944
1046,F,2025-01-03,1986-10-24,Bryan,single,non-prime,Active,SouTH AmERICA,  BrAzIl  ,sÃo paUlO$,são PaULo$,  01000-000  !,bryan@hotmail.comm,+14-985-4456
1047,Female,2024-01-29,1955-12-02,Greg Davis,M,non-prime,,  SOUTH amErICA  ,bRAzIL,  rIO DE jANEirO  ,rIO de JanEIRo,  20000-000  $,,+52-494-2281
1048,,2023-12-06,1997-11-03,Amy Hawkins,M,prime,,asIa,  InDia  ,KARNATAkA#,  beNgaLurU  $,  560001  #, amy.hawkins@hotmail.com ,+43-181-4984
1049,other,2025-06-04,1984-07-08,Catherine Robinson,married,prime,,ASIa,inDia,MaHarASHTrA,MumBaI,400001,catherinerobinson@yahoocom,+44-963-8128
1050,Other,2025-07-10,1985-06-20,Sheryl Thompson,Married,non-prime,Inactive,asIa,JapAN,    TokyO    @,  SHiNJUKu  ,1600022,,+20-384-3938
1051,M,2025-01-08,1990-09-23,Kimberly Price García,married,non-prime,,ASiA$,jApAn!,OsaKa$,Kita,5300001,kimberlyprice@yahoocom,+91-732-9141
1052,m,2025-03-14,2006-12-23,Nicole Day Chen,single,non-prime,,EurOpe#,geRmAny!,  BaVaria  @,muniCH,80331,NICOLE.DAY@YAHOO.COM,+43-577-8262
1053,Male,2023-08-22,2001-02-01,Michael Brown,married,non-prime,Suspended,EUROpE@,  GermANy  ,  bErLIn  ,bErlIN,10115,,+89-616-7783
1054,Male,2023-07-16,1970-11-20,Nancy Warren,,prime,,AFrIcA,  Nigeria  @,  lagoS  ,  ikeja  ,100001,nancy.warrengmail.com,+48-880-8591
1055,M,2024-05-25,2001-07-03,Suzanne Rivera García,single,prime,Inactive,AFrICA,  NiGeriA  ,  AbUja  @!,@#  MaItAmA  ,900271!,,+81-162-8124
1056,m,2024-12-31,1981-06-10,Rodney Bennett,single,prime,Active,  north AmEriCa  ,uSA,cALiFoRnIA,LOS aNgELES,90001@,rodney.bennett@@gmail.com,+39-437-1076
1057,M,2024-02-01,1961-11-29,Randall Anderson,s,prime,Active,NOrth America,Usa,neW yoRk,neW yoRk,10001$,,+80-770-3591
1058,female,2025-02-05,1964-03-30,Jennifer Blackwell,M,non-prime,,  sOUth AMERicA  ,brazIL$,SÃO PAULO,  sÃO PAUlo  ,  01000-000  #,jennifer.blackwell@gmail.comm,+78-775-4697
1059,Male,2024-05-11,1980-05-22,Randy Bates,Married,non-prime,Suspended,soUTH aMeRICa,  BRaZiL  ,  rio de JAnEiRo  ,rIO dE JAneiro$,  20000-000  ,,+44-644-5547
1060,f,2024-05-26,1989-10-13,Edgar Brown,single,prime,Suspended,asia,inDIa@,  karNAtAkA  ,    BEngalURU    $,560001,edgar.browngmail.com,+24-482-5803
1061,f,2024-11-24,1980-10-19,Lisa,single,non-prime,Suspended,asiA@,inDia,  mAhArashtRA  ,mumBAI,400001,,+29-268-8857
1062,M,2025-02-06,1955-12-15,Luis Cole,single,non-prime,Active,asiA,  JApaN  @,  TokyO  ,  shiNjukU  ,  1600022  @,LUIS.COLE@HOTMAIL.COM,+50-822-3235
1063,,2023-10-24,,Elijah Williams,married,prime,Suspended,aSIa,jApAN@,OSakA,  KiTa  ,5300001,elijahwilliams@yahoocom,+81-771-2824
1064,M,2023-12-28,1977-07-05,Danielle Marquez,Single,prime,Suspended,  eUrOPE  ,geRMany,  baVaria  ,munIch,80331,danielle.marquez@@hotmail.com,+6-626-2008
1065,,2024-07-10,1971-04-01,Brooke Cruz,s,non-prime,Inactive,euRoPE@,gErmAnY,  bErLIn  ,bErlIN,10115,brooke.cruz@@hotmail.com,+75-862-1595
1066,,2025-04-25,1959-01-09,Bianca,s,non-prime,Suspended,  AfrIcA  ,nIgeRIA,LAgOs!,  iKeja  #,100001,bianca@yahoocom,+68-838-4532
1067,M,2024-11-12,1986-06-26,Terry Silva,M,prime,,aFricA#,nIgErIa,ABUja,maitama,900271$, terry.silva@yahoo.com ,+39-534-5681
1068,,2024-09-29,1966-11-26,Diana,,prime,Active,  noRTh AMERIcA  ,  usA  #,cALiFoRnIA,LOS aNgELES,90001,dianagmail.com,+82-227-7946
1069,Male,2024-04-13,1995-07-20,Alejandro,s,prime,Suspended,noRTh amErICa,  usA  ,New yORK,New yORK,10001, alejandro@hotmail.com ,+77-278-4924
1070,f,2023-08-13,1973-02-04,Mrs. Lisa Garza,single,prime,Suspended,  SOuTh amERica  ,brAzIl@,  SÃo PauLO  ,  sÃo pAulO  ,01000-000,,+31-425-7883
1071,,2024-03-29,1979-06-28,Olivia Ellis,single,non-prime,Inactive,soUTh AmERiCA,  braZiL  ,RIo dE JanEirO,RIo dE JanEirO,  20000-000  ,olivia.ellis@@gmail.com,+24-220-1850
1072,male,2025-04-02,1963-04-11,Sarah Mueller,,non-prime,Active,  Asia  #,iNdiA!,kARnataKA,  BENGALuru  !,560001,sarah.mueller@@yahoo.com,+74-745-9170
1073,other,2023-10-15,1958-05-09,Ashley Jones,single,prime,Active,  AsiA  ,  India  ,  MahAraShTRa  #,Mumbai@,400001, ashley.jones@yahoo.com ,+66-790-7886
1074,other,2024-07-11,1974-02-17,Christina Reese García,single,prime,Suspended,ASIA!,  jAPAn  ,TOKYO#,  shINJukU  ,1600022,christinareese@gmailcom,+6-891-4568
1075,other,2024-05-14,1997-10-05,Leslie Valencia,s,,Inactive,asIA#,  JapAN  ,osaka,KitA@,5300001,LESLIE.VALENCIA@YAHOO.COM,+67-989-5150
1076,F,2025-06-13,2004-05-27,Elizabeth Almeida,single,prime,Suspended,EuROpE,gErMAny!,  baVaria  ,Munich!,80331,elizabeth@hotmail.comm,+65-222-9990
1077,Male,2024-08-04,1974-12-17,Perry Jordan,,non-prime,,EuRoPe,  GermaNY  $,BeRLIn,berlin,10115,perry.jordan@hotmail.comm,+45-599-6879
1078,,2024-05-04,1997-07-20,Emily Duarte Smith,Married,prime,Inactive,AFRICa,  nIgEria  !,laGOS,IkejA,100001,,+55-812-6751
1079,m,2023-11-12,1975-03-09,Jacob Hamilton,single,non-prime,Suspended,  AfrICa  ,  nigErIA  ,abuJa$,  MAITaMA  !,  900271  !,jacob.hamilton@@hotmail.com,+76-652-7137
1080,Male,2024-12-11,1958-08-06,Sarah Ramirez,s,,,north AmERICa,USa#,cALiFoRnIA,LOS aNgELES,90001,,+91-942-5890
1081,M,2023-10-15,1995-04-20,Brian,Single,prime,,NoRth amEriCA,uSa,NEw yOrk@,nEw YOrk#,10001,brian@@hotmail.com,+7-626-5976
1082,female,2024-09-16,1977-09-19,Douglas Hardy Chen,M,,Active,  SoUTh AMerIcA  !,brAzIL,  SãO pAULO  #,  sÃo PAULo  ,  01000-000  ,DOUGLAS.HARDY@HOTMAIL.COM,+68-204-2154
1083,Female,2025-04-04,1971-06-25,Erin Lee García,,non-prime,Suspended,  SOutH aMEricA  #,  braZIL  ,rio DE JaNeiro,rio DE JaNeiro,20000-000,erin.lee@gmail.comm,+9-773-7466
1084,Male,2024-11-15,,John Smith,M,,Active,aSiA,IndIA,  KARNATAka  ,  BEngalURU  ,  560001  @,john.smith@gmail.comm,+7-957-5417
1085,M,2024-02-17,1971-06-03,Roger Olson,Single,prime,Inactive,ASIA,INdia,  MAHaRAshtrA  ,  MUMBAI  ,400001,roger.olson@gmail.comm,+75-489-2286
1086,Male,2024-07-01,1973-04-22,Jenny,,prime,Suspended,AsiA$,JapAN,    TokyO    @,  SHiNJUKu  ,1600022,JENNY@GMAIL.COM,+91-428-2787
1087,other,2024-03-20,1993-01-07,Lawrence Mitchell,,non-prime,Active,AsIA,  japAn  ,  oSAKa  ,kITa,5300001,lawrence.mitchellhotmail.com,+86-553-1847
1088,m,2024-05-28,1977-11-28,Amanda Hunt,single,,,eUrOPe,  gERMaNY  ,  BaVaria  ,MuNich,80331,,+88-460-9501
1089,Male,2024-11-23,2001-12-24,Katherine Gardner,s,prime,Suspended,  EuropE  ,  gErmANy  $,BeRlIN,BErlin,10115,,+47-320-9806
1090,Other,2024-10-07,1987-12-22,Andrew,married,non-prime,Active,  aFRICa  ,NigERIA,  lagoS  ,IkEjA@,100001, andrew@gmail.com ,+25-853-1724
1091,Female,2025-06-09,1972-03-30,Michael Perkins,Single,non-prime,Inactive,AfRica,NIGeria,abuJa$,mAItAMA,900271,,+93-735-1017
1092,,2023-12-28,1989-04-23,Matthew Hayes Lee Yadav,Married,non-prime,Suspended,  NorTH aMErICa  !,USa,cALiFoRnIA,LOS aNgELES,90001,matthew.hayes@yahoo.comm,+7-479-2232
1093,,2023-08-20,1955-04-17,Adam,Single,non-prime,,NoRTh amEriCa,usa,NEw yORK,NEw yORK,10001,adamyahoo.com,+39-792-3158
1094,other,2025-07-04,1968-06-16,Tara Turner Müller Ali,Married,non-prime,,sOUTh aMErICA,BrAzIL,  SãO pAULO  #,  sÃo PAULo  ,  01000-000  ,tara.turner@yahoo.comm,+45-100-8723
1095,f,2024-12-20,1980-03-18,Mark Farley,Single,prime,Inactive,  SoUTh aMericA  ,BRaZIL,rio DE JaNeiro,rio DE JaNeiro,20000-000#,,+69-492-1035
1096,Other,2025-03-19,1970-04-14,Jonathan Rivas,single,prime,Suspended,asia,iNdia,kaRnATAKA!,bEngaLUrU@,560001,jonathan.rivas@yahoo.comm,+23-107-2595
1097,m,2025-02-27,1974-06-06,Natalie Mitchell,Married,non-prime,Active,  ASIA  ,  INdIA  ,MahArasHtRa,mUMbAi!,400001,natalie.mitchellgmail.com,+47-970-1565
1098,M,2024-09-04,1997-08-01,Michael,married,non-prime,,  aSIA  $,  JaPan  ,    TokyO    @,  SHiNJUKu  ,1600022,michael@hotmail.comm,+1-652-6838
1099,other,2024-09-10,1981-05-28,Caitlin Lindsey García,Married,prime,Active,AsIa,jaPaN,  oSAKa  ,KITA,5300001,caitlin.lindsey@gmail.comm,+66-888-4290
1100,m,2024-11-19,1961-02-06,Sabrina Robinson,Single,non-prime,,eUROPE,  gERmANY  ,bAVaria,MuNich,80331,,+6-733-4338
1101,male,2024-05-09,1980-01-16,Cheryl Smith,Married,prime,,EurOPe#,  gErMaNY  !,bErLiN$,BeRLiN,10115!,CHERYL.SMITH@YAHOO.COM,+29-450-7342
1102,M,2024-07-25,2006-03-08,Jeffrey Lawrence Almeida,married,non-prime,,aFrica,nIgErIA#,  laGOs  ,ikejA,100001,JEFFREY.LAWRENCE@YAHOO.COM,+76-197-8829
1103,f,2025-05-13,2000-06-24,Karen,s,non-prime,Active,AFRica,nigEria,abUja$,  mAITAMa  ,900271,karengmail.com,+42-257-4434
1104,male,2024-06-08,1961-12-28,Taylor Wallace,single,non-prime,Inactive,  NortH AmEriCa  #,USa,CAliFORNIA,  lOs aNgELeS  @,90001#,taylor.wallace@hotmail.comm,+13-137-8042
1105,female,2023-11-17,,Tracy Jones Chen,m,prime,,  norTh aMErICa  $,usA,nEw YoRK@,NEw yoRk,10001,TRACY.JONES@YAHOO.COM,+16-377-9118
1106,Other,2023-09-18,1972-05-30,William Jacobs,,prime,Active,souTh AMeRICa#,  bRaZiL  ,são PauLO,são PauLO,01000-000#,william.jacobs@@gmail.com,+5-815-1488
1107,female,2024-10-07,1982-08-26,Mary,m,prime,,SOuTH AMERica,  brazIl  ,RIO dE JANeIrO,RIO dE JANeIrO,  20000-000  #,MARY@HOTMAIL.COM,+40-787-7907
1108,Other,2025-05-11,1987-03-22,Andrew Harris,Married,,Inactive,  ASIA  $,IndiA,  KARnAtakA  $,bEnGaLUru@,560001,,+64-126-7066
1109,Female,2023-11-17,1971-05-05,Chelsea Wells,single,non-prime,Suspended,  asia  ,INdiA,MahArasHtRa,  MUmbAi  !,  400001  @,chelsea.wells@@yahoo.com,+15-762-8444
1110,Other,2024-10-20,1989-12-31,Jennifer Garrett,married,prime,Inactive,Asia,  JapAn  ,  tOKyo  ,  ShiNjuKU  ,1600022,jennifer.garrett@gmail.comm,+78-828-6400
1111,Female,2025-06-26,1975-07-01,Raymond Reynolds,m,prime,Active,AsIA,jaPan,osAka,  KiTa  ,5300001,,+67-662-6145
1112,,2024-07-27,1977-10-30,Julie,s,prime,,EuRopE,gERmany,BaVARIA,MunIch,80331,julie@hotmail.comm,+48-429-7942
1113,Male,2025-07-01,1976-08-03,Lisa Brown Singh,m,prime,,  europE  !,GeRMAny,beRLIN,  BERlIn  $,10115!,lisa.brown@@hotmail.com,+76-583-9770
1114,M,2025-01-25,2003-09-17,Kylie Bailey Almeida,single,non-prime,Active,afRiCa,nIGEria,LaGOs$,ikeJA!,  100001  $,kylie.baileyyahoo.com,+43-903-5979
1115,Male,2023-09-06,1971-09-18,Margaret Harris,m,non-prime,Inactive,AfRica,nIgErIa$,  abUJa  ,  mAITAMa  ,900271,,+2-941-6340
1116,M,2024-07-17,1984-04-11,James Pierce,m,prime,Active,noRTH aMERicA@,  uSA  $,caLiForNIa@,Los ANGeLes$,90001,,+13-711-6308
1117,m,2024-03-31,1997-01-06,Bryan,single,prime,,  noRth aMERICa  $,  USA  ,NeW yoRK,New YOrK$,10001, bryan@yahoo.com ,+68-324-7310
1118,other,2023-07-26,1965-06-11,Diane Allen,s,non-prime,,SoUTH America!,  BrAzIL  ,SÃo PAulO,sãO PaulO,01000-000,diane.allen@@gmail.com,+42-621-2140
1119,M,2024-06-15,1993-12-21,Patrick Irwin,married,prime,Active,SOuTh amErICa,BraZIL,  RIo De JAneIro  $,rIo dE jANEIRo,20000-000, patrick.irwin@yahoo.com ,+7-656-7947
1120,other,2024-08-10,1996-06-03,Sarah,m,non-prime,Suspended,  ASia  ,IndiA,KARNATAKa,bengaluru,  560001  @,sarah@gmail.comm,+21-166-8881
1121,F,2023-07-31,2001-03-30,Jeremy Harris,Married,non-prime,Inactive,AsIa,iNDia,MahArasHtRa,  MUmBAi  $,400001,jeremy.harrisgmail.com,+52-307-6435
1122,Other,2024-04-22,1972-03-18,Dana Wolfe Smith,M,prime,,  asiA  $,JapaN,tokyO,shINjUKu,1600022,DANA.WOLFE@YAHOO.COM,+48-682-8434
1123,Male,2023-11-05,1974-06-24,Christopher,M,,Suspended,  asIa  ,  JAPan  #,osaka,KitA@,5300001, christopher@hotmail.com ,+50-577-5542
1124,Male,2023-07-26,1967-10-29,Jeffrey,single,prime,,  EuRopE  $,GErMaNY,BaVARIA,  munICH  #,  80331  !, jeffrey@gmail.com ,+36-656-9294
1125,m,2024-08-05,1988-11-10,Angela Mejia Yadav Ali,M,non-prime,,EUrOPe$,GERMAnY,beRlIn,berLIN,10115#,angela.mejia@yahoo.comm,+22-530-1116
1126,F,2023-09-03,,Jennifer Jackson,M,prime,,  aFrICa  ,NIGerIA$,LAgos!,IkejA,  100001  #,jennifer.jackson@yahoo.comm,+59-338-6179
1127,m,2023-12-20,1959-07-11,Dustin Rice,single,prime,Inactive,AfricA!,  nigERiA  ,AbuJa,  MaiTama  $,900271,dustinrice@yahoocom,+30-327-7976
1128,other,2024-03-13,1987-09-07,Holly,m,prime,,NoRth aMeRIcA@,UsA@,CAliFORnia#,  LOS aNgeLes  ,90001,,+79-865-7941
1129,Female,2023-10-22,1982-10-28,Alan Chen,single,prime,Inactive,nOrTH AMERiCA,USa,nEw YoRK@,NEw yoRk,10001,alan@@hotmail.com,+44-290-3614
1130,Female,2025-06-18,1980-10-31,Danielle Thomas,M,non-prime,Inactive,  SOuTh AmeRiCa  ,  BRaZil  @,São PaULO,SÃo pauLO,01000-000$,danielle.thomas@hotmail.comm,+70-675-8641
1131,F,2024-04-11,1977-01-31,Shelby,single,prime,Inactive,  SouTH aMERIca  !,  brAZil  ,  Rio DE jANeIRO  ,Rio de janEIRO#,20000-000,,+84-352-4774
1132,F,2025-03-26,1989-09-17,Thomas Martin,single,,Suspended,aSIA#,INDiA,kArNAtaKA#,bEnGaLUrU#,  560001  $,,+41-718-7690
1133,female,2024-05-06,1973-04-18,Sophia Blake Chen,single,prime,Inactive,AsiA,indIA#,maHAraShtrA,mumbai@#,400001,SOPHIA.BLAKE@YAHOO.COM,+4-956-2761
1134,Other,2023-10-09,1959-12-21,Andrew,married,prime,,  AsIa  $,japAN,TOkyO@,ShInjukU,1600022,andrew@gmail.comm,+20-138-5137
1135,female,2024-03-02,1988-06-23,Robin Cooper,single,prime,Suspended,  ASia  !,  JapaN  ,osaka,KitA@,5300001$,robin.cooper@hotmail.comm,+75-388-8412
1136,f,2024-03-26,1974-11-18,Wendy Williams,m,non-prime,,EUROpE!,  gErmAnY  ,BaVArIa,muNiCH,80331, wendy.williams@hotmail.com ,+20-509-7528
1137,m,2023-12-26,1982-02-10,Christopher Olson,single,non-prime,,EuroPE#,gErmANy$,  bErLIn  ,bErlIN,  10115  $,,+54-883-6283
1138,female,2024-07-12,1966-08-12,David,single,prime,,afRICA,nIGeriA,  lAGos  ,ikeja@#,100001, david@gmail.com ,+79-901-4703
1139,male,2025-03-17,1966-02-03,Eddie Bridges,M,,,  AfRiCa  @,NigeRIa$,AbUJA,  MaiTama  $,900271,eddie.bridges@hotmail.comm,+24-558-7919
1140,F,2025-01-02,1986-09-11,Samantha Henry,single,,Active,NOrTh aMeRICA,  USa  #,cALiFoRnIA,LOS aNgELES,90001!,SAMANTHA.HENRY@YAHOO.COM,+91-972-5724
1141,,2023-11-05,2003-09-18,Heather Hicks,Single,prime,,  noRtH amEriCA  #,  USA  ,  new YOrK  #,  new YOrK  #,10001,heather.hicks@yahoo.comm,+50-324-1918
1142,Female,2024-05-10,1967-03-24,Randy Watts Chen,Single,non-prime,Suspended,  sOuTH AMERiCa  ,  braZil  @,São PAUlO,São PAUlO,01000-000,randy.wattshotmail.com,+47-951-5782
1143,f,2025-05-29,1964-01-30,Julie Levy,Single,non-prime,Inactive,  soUth AmeRICA  !,bRAZil$,Rio De JanEiRO$,Rio De JanEiRO$,  20000-000  ,julielevy@hotmailcom,+12-306-1958
1144,f,2024-02-10,1990-08-27,Larry Krueger,single,prime,,ASia!,INdIa,kArNAtaKA#,bEnGaLUrU#,  560001  #,larrykrueger@gmailcom,+97-873-8689
1145,,2024-01-08,1975-12-23,Joseph Garza,,prime,Active,Asia,INdIA,MaharashTRA,muMbaI,400001,joseph.garza@@hotmail.com,+33-289-1733
1146,,2024-08-31,1991-09-21,Courtney Baker Singh,m,,,  asiA  ,jAPaN,    TokyO    @,  SHiNJUKu  ,1600022@,courtneybaker@hotmailcom,+79-382-8100
1147,Male,2024-09-08,,Alexis Oneill,Single,non-prime,,aSIA#,  japan  ,osaka,KitA@,5300001,alexis.oneill@@hotmail.com,+42-552-9895
1148,m,2023-11-10,1962-10-17,Michael Yadav Fernandez,M,,,  EuroPe  $,  GErMany  ,bAVariA,munICH,80331,michael@hotmail.comm,+72-765-1020
1149,female,2024-01-23,2003-11-20,April Allen,single,prime,Inactive,Europe@,  germaNy  ,  BeRliN  !,BerLin  ,10115, april.allen@yahoo.com ,+93-116-1829
1150,,2024-08-31,1967-09-29,Thomas Brock,M,non-prime,Inactive,aFriCa,nIGeRIA,Lagos,ikeja,100001,THOMAS.BROCK@GMAIL.COM,+39-351-8903
1151,female,2024-05-08,1976-06-15,Tim Welch Singh,,,Active,  AfRica  ,nigeRIA,  abUJA  $,  mAiTAMA  ,900271@, tim.welch@gmail.com ,+72-334-8992
1152,female,2024-09-14,1992-01-25,Christina,s,prime,,NOrTH ameriCA!,  uSA  ,CALiFOrniA#,  LOS ANgelES  $,90001,christina@yahoocom,+5-860-3343
1153,M,2023-09-09,1988-06-08,Gina,married,prime,,North AMErIcA$,uSA,  neW yoRk  ,  neW yoRk  ,10001,,+15-993-2210
1154,other,2024-01-08,1957-11-13,Elijah Johnson,,prime,Suspended,  sOutH AMERIca  ,braZil,  SÃO pAulo  ,  SÃO pauLO  ,  01000-000  @,ELIJAH.JOHNSON@YAHOO.COM,+20-544-3291
1155,female,2025-06-07,1981-12-30,Ryan Pierce,,prime,,  SOUth AMEricA  ,bRAzIL$,  rIo dE JaNeIro  ,  rIo dE JaNeIro  ,20000-000,,+20-365-2020
1156,Female,2023-10-04,1972-07-06,Amanda Ellison Lee Lee,single,prime,Suspended,AsIA,INdia$,kArNAtaKA#,bEnGaLUrU#,560001$,AMANDA.ELLISON@YAHOO.COM,+52-836-5391
1157,F,2025-03-21,2004-03-12,Todd Jacobson,s,non-prime,Suspended,AsIA#,iNDiA,MaharashTRA,  MuMbAi  ,400001$,todd.jacobson@gmail.comm,+44-248-5892
1158,Other,2024-08-02,1954-08-18,Chelsea,single,non-prime,Suspended,ASiA#,JApAn$,    TokyO    @,  SHiNJUKu  ,1600022,chelsea@gmail.comm,+63-719-4601
1159,m,2025-01-20,1962-01-25,Jennifer Lee,,non-prime,,ASIA,  JAPAN  !,OSAkA,kitA,5300001,jennifer.lee@@yahoo.com,+51-919-3619
1160,Female,2024-07-27,1987-10-20,Alexis Rodriguez,Married,prime,Active,europe$,GERMany,BAVaRIa,  muNiCh  ,  80331  $,,+64-207-5412
1161,male,2025-03-14,2006-06-05,Jessica King,married,prime,,EurOpe,  GerMaNY  !,  bErLIn  ,  bErLIn  ,10115,jessica.king@@yahoo.com,+9-544-5809
1162,Male,2023-10-06,1972-09-29,Laurie Bailey,Married,prime,,  afriCA  ,  NIGERIa  ,LAGoS,  IKeJa  ,100001,,+5-496-4849
1163,Male,2024-11-11,1988-05-08,Kelly Vaughn,s,non-prime,,aFRIcA,NigERia,  abUJA  $,  mAiTAMA  ,900271,,+23-465-2552
1164,M,2024-09-24,1992-11-28,April,Single,non-prime,Inactive,nOrTh AMerICA,uSA,cALiFoRnIA,LOS aNgELES,90001,,+98-675-5679
1165,F,2024-03-27,1988-02-02,James Weber,s,prime,Inactive,NorTh AMeRica#,usa,  New York  #,  New York  #,10001,jamesweber@gmailcom,+30-582-7433
1166,other,2023-12-29,1979-10-08,Tyler Smith,single,non-prime,Inactive,  SoUtH aMericA  ,bRaZIL!,  sÃo PAUlo  ,  sÃO pAUlO  #,01000-000#,tyler.smith@gmail.comm,+80-192-5180
1167,m,2025-06-29,1970-08-21,David Hull,,,Inactive,  SOUtH aMErICa  ,BrAZIL,  rio dE JANEiRO  ,rio de jAnEIro!,20000-000,DAVID.HULL@YAHOO.COM,+8-923-2941
1168,male,2024-01-07,,Anna Wright,m,non-prime,,  aSIa  @,IndiA!,kArNAtaKA#,bEnGaLUrU#,560001,anna.wright@@hotmail.com,+40-394-2333
1169,f,2023-12-13,1963-07-22,Jeffery Bailey,married,prime,Suspended,aSiA,  INDia  ,MahArashTrA@,mUmBAI$,  400001  !,JEFFERY.BAILEY@YAHOO.COM,+1-711-7169
1170,female,2023-10-05,1960-04-20,Antonio Cole,single,non-prime,,  aSia  ,jApaN,    TokyO    @,  SHiNJUKu  ,1600022,antonio.colehotmail.com,+90-269-5394
1171,male,2024-06-25,1983-06-11,Christy Hernandez,Married,non-prime,Suspended,  asIa  ,jApAn,OSaKA$,KITa,5300001, christy.hernandez@gmail.com ,+40-777-6943
1172,Other,2024-01-07,2004-09-06,Russell Wallace García,m,,Suspended,EuROpE,  GERMaNy  ,baVaria@,muNich@,80331,,+16-456-6861
1173,Male,2023-09-15,1977-08-09,Tiffany Wilson,single,non-prime,Inactive,  euRopE  #,  geRmany  #,  bErLIn  ,bErlIN,10115, tiffany.wilson@yahoo.com ,+30-630-9445
1174,male,2024-07-04,1965-09-25,Anna,married,non-prime,,aFRIcA,NIgeRIa,LAgoS,ikEjA,100001,anna@@hotmail.com,+20-190-1908
1175,f,2025-03-12,1991-03-18,Wendy Morgan,Married,prime,,aFricA@,nigeRiA#,  aBujA  ,  MaItama  ,900271,wendy.morgangmail.com,+94-502-4303
1176,f,2024-09-04,1986-12-22,Amy Mccoy,married,non-prime,Inactive,  NorTH AmErICa  #,usa$,cALiFoRnIA,LOS aNgELES,90001,AMY.MCCOY@HOTMAIL.COM,+87-248-5160
1177,m,2024-11-18,1977-10-07,Joseph Tate,M,non-prime,Inactive,  nOrtH AMERICa  ,  USA  ,NEw YoRk,NEw YoRk,10001#,joseph.tate@gmail.comm,+32-558-4814
1178,Female,2025-01-17,1957-03-17,Nathaniel Hill Singh,s,prime,Suspended,SouTH ameriCA,  brazil  $,sãO pAULO,sãO PAUlO,01000-000, nathaniel.hill@gmail.com ,+24-192-1525
1179,Other,2024-02-01,1997-02-05,Amy Clark,married,,,SoUtH amEricA,  BrAzil  ,  RIO DE JANeIrO  ,  RIO DE JANeIrO  ,20000-000,amy.clark@@yahoo.com,+25-239-1090
1180,F,2025-01-04,1981-10-03,Tonya,single,non-prime,Active,ASIA,iNDIA,kArNAtaKA#,bEnGaLUrU#,560001,tonya@hotmailcom,+53-527-3196
1181,female,2024-07-05,1957-04-21,Elizabeth Jackson Lee Yadav,Married,prime,Suspended,  Asia  ,  inDiA  ,mahARAsHTra#,mUmBAI$,400001,elizabeth.jacksonhotmail.com,+12-449-6080
1182,Other,2025-05-13,1974-04-21,Dorothy Hendrix,married,non-prime,Active,  aSia  @,  JapaN  ,  tokyo  ,SHINJUKu,1600022,dorothy.hendrix@yahoo.comm,+50-970-1583
1183,m,2025-05-05,1974-05-11,Toni Moreno,s,non-prime,,  AsiA  ,jAPAn#,osaka,  kIta  ,5300001,tonimoreno@gmailcom,+46-825-8536
1184,M,2024-01-16,1994-11-26,Thomas,,prime,,eUrOpE,  geRMany  ,  bAvaRia  ,munICh,80331,thomas@yahoo.comm,+92-359-1185
1185,m,2025-05-09,1982-03-28,Michael,M,,,eUrope!,GERMaNY#,berlIn@,  berlin  #,10115,michael@gmailcom,+40-469-4654
1186,m,2024-12-28,,Michelle Warren,married,prime,,AFRIca#,nIgEriA@,LAGOS!,ikeJA,100001,michelle.warren@@gmail.com,+94-353-5608
1187,,2023-10-05,1991-03-23,Mark Jimenez,Single,prime,,aFrICa,nIGERiA,  aBujA  ,  maItAMA  !,900271$,mark.jimenez@@hotmail.com,+61-825-5971
1188,male,2024-03-29,1977-07-05,David,married,non-prime,Inactive,nORTH ameRICA,  uSA  #,cALiFoRnIA,LOS aNgELES,90001$,david@yahoocom,+31-932-2480
1189,f,2024-06-08,1955-10-02,Brandon Peck,married,prime,Active,nORTH AMeRiCa,  USa  ,  nEw york  #,  nEw york  #,10001,brandon.peck@@hotmail.com,+11-764-6259
1190,,2024-05-08,1965-01-03,Terri Golden,single,non-prime,Inactive,soutH AMeRiCA#,BRAzIL,sãO pAULO,sãO PAUlO,01000-000,terrigolden@gmailcom,+7-530-4760
1191,M,2025-02-24,1992-09-23,Angel,s,prime,Active,  south AMERICa  ,  bRAziL  ,  rIo DE JaNEIro  ,  rIo DE JaNEIro  ,20000-000,ANGEL@GMAIL.COM,+37-603-4247
1192,m,2025-05-13,1999-12-05,Brenda Yadav Müller,single,prime,,  ASia  ,indIA,karNATaKa,bENgaLUru,560001,brendahotmail.com,+69-335-7341
1193,male,2024-10-06,2002-09-05,Nancy Rice Chen,single,prime,Active,  aSiA  ,inDIA!,MAhaRaShtra,  muMbaI  ,400001,nancy.rice@@yahoo.com,+11-272-7513
1194,,2023-11-02,1990-12-15,Dylan,s,prime,Active,ASia,  Japan  ,    TokyO    @,  SHiNJUKu  ,1600022,,+79-854-2634
1195,M,2024-09-19,1958-04-04,Lauren Walsh Almeida,Single,,Inactive,aSiA@,  Japan  ,osaka,KitA@,5300001$, lauren.walsh@hotmail.com ,+31-522-9711
1196,female,2023-10-28,1999-04-04,Michael,single,non-prime,Active,EuRope#,geRmANy,bAVARIa,  MunIcH  $,80331,michael@yahoo.comm,+26-981-6473
1197,other,2024-12-07,1972-08-19,Nicole,s,non-prime,Active,  euRoPE  ,  GermanY  ,  bERliN  ,  bERliN  ,10115,,+63-622-1718
1198,male,2024-10-11,2007-02-21,Juan Berry,Married,prime,Suspended,afrIcA,niGeriA,  lagoS  ,ikejA,100001,juanberry@yahoocom,+4-467-9817
1199,female,2023-12-16,1959-08-21,Jordan,single,prime,,aFRica,NIGeria,  ABUjA  ,  MaItAmA  ,900271,jordan@@gmail.com,+51-846-1901
1200,f,2025-01-29,1979-08-06,Corey Salazar,single,prime,,  NOrth AMeriCA  @,  usa  ,cALiFoRnIA,LOS aNgELES,  90001  $,,+43-760-6730
1201,Female,2025-06-28,1957-10-10,Douglas Smith,m,non-prime,Suspended,NORTH amERIcA$,  usA  ,  nEw YorK  ,  new yOrk  !,10001#,,+13-721-1761
1202,,2023-12-17,1985-05-31,Ms. Tara Chen,single,prime,,souTH AmeRica,Brazil,são PauLO,são PauLO,  01000-000  ,ms..tarayahoo.com,+65-916-5905
1203,f,2023-10-05,1986-04-28,Timothy,single,prime,Inactive,  sOUth ameRiCa  ,brazIl,RIO dE JANeIrO,RIO dE JANeIrO,  20000-000  ,timothy@yahoocom,+50-595-3613
1204,m,2024-04-30,1962-10-13,Angela Smith,single,prime,Inactive,  aSia  ,inDIa,KarNaTaKA,  BeNGalUru  ,560001@,,+63-925-1631
1205,m,2025-04-19,1961-06-11,Jermaine Vance,Single,non-prime,,asiA,iNdiA,maharashtra,  muMBaI  @,400001!,jermainevance@hotmailcom,+53-735-4472
1206,Female,2025-02-02,1987-12-18,Joseph Pennington Almeida,married,non-prime,Active,AsIA,  JAPAN  ,    TokyO    @,  SHiNJUKu  ,1600022,joseph.pennington@@yahoo.com,+21-364-7430
1207,m,2024-09-08,,Melissa Kim,single,,,  AsIa  ,  JApAn  @,osaka,KitA@,5300001, melissa.kim@yahoo.com ,+65-781-5616
1208,Female,2024-12-17,1965-05-13,Jennifer Ho Almeida,m,non-prime,,eURoPE,  gerMANy  ,bAVARIa,  MunIcH  $,80331,jennifer.ho@gmail.comm,+16-886-5774
1209,other,2023-08-12,1992-06-20,James Marks,Single,non-prime,Active,  euROPe  ,GErmANy,  BErLIn  ,  BErLIn  ,10115!,JAMES.MARKS@YAHOO.COM,+94-980-7437
1210,male,2024-02-24,1998-08-26,Patricia Adams Almeida,m,non-prime,Suspended,africA@,NigeriA!,LagOs$,IKeJa$,100001!,,+82-838-6171
1211,male,2023-12-12,1991-03-24,Stephen Morgan,single,prime,Suspended,  afRICa  ,niGERIA,  abUja  ,  MaItAmA  ,900271!,stephen.morgan@hotmail.comm,+51-731-4721
1212,,2025-06-22,1984-03-25,Mary Johnson,married,non-prime,,  nOrTh AmeRIcA  ,Usa#,  CalifOrNiA  ,  LOs angeLEs  ,90001,,+58-192-2608
1213,Male,2025-01-28,1996-09-08,Michelle Moore,m,non-prime,,nORTH amErIcA,usA#,nEw YoRK@,NEw yoRk,10001,michelle.moore@gmail.comm,+41-644-1289
1214,male,2024-11-19,1971-04-24,Jesus,s,non-prime,Inactive,  SoUth AMeRicA  ,  BrAziL  ,SÃO paULO,sÃO PAULo,  01000-000  $,jesus@hotmailcom,+82-961-3869
1215,M,2024-09-09,1993-06-29,Brandi Patel,m,non-prime,Suspended,souTh amErIca!,bRAzIl,  RIo dE jANEiro  $,  Rio De JANEIrO  @,20000-000,,+22-250-7070
1216,female,2023-09-30,1969-09-28,Gina Martin,Married,,Inactive,aSIa,iNDia,kArNAtaKA#,bEnGaLUrU#,560001,gina.martin@gmail.comm,+61-940-2160
1217,m,2024-11-11,1996-12-08,Teresa Rodriguez,,prime,Inactive,  AsIA  !,IndiA,MAhaRaShtra,MUMbaI,  400001  #,TERESA.RODRIGUEZ@HOTMAIL.COM,+83-337-6504
1218,m,2024-03-07,1960-07-13,Michael Hunt,Single,,Active,  ASiA  @,JApAn,  toKyo  ,shinJUKu,  1600022  $,,+11-983-2736
1219,M,2024-11-06,1972-08-12,Jesse,,non-prime,,  ASia  ,  jaPAn  #,osaka,KitA@,5300001,jesse@yahoocom,+39-994-4148
1220,male,2023-10-21,1970-07-10,Brittany Lin Singh,married,non-prime,,EurOpe,  gERmaNy  $,bAVARIa,  MunIcH  $,  80331  #,brittany.lin@@gmail.com,+44-612-3217
1221,F,2024-03-30,2004-12-09,Kelsey,single,prime,,  EUrOPE  !,gerMany,BerLIn,BerlIn,10115,KELSEY@YAHOO.COM,+61-591-8813
1222,m,2025-05-28,1957-03-18,Diana Chen,m,non-prime,Inactive,  AFrICa  #,niGErIa!,  lagoS  ,IkeJa$,100001,diana.chenhotmail.com,+67-271-7871
1223,male,2025-02-05,1966-12-04,Robert,Married,prime,,afRica,NiGERIA,  AbujA  ,MaITAmA#,900271,robert@@gmail.com,+32-688-6035
1224,m,2023-12-22,1959-04-07,Diane Mitchell,Single,non-prime,Suspended,NORth aMerIca,usA#,cALiFoRnIA,LOS aNgELES,90001,DIANE.MITCHELL@HOTMAIL.COM,+70-520-4707
1225,,2023-12-15,,Renee Thompson,m,non-prime,Inactive,nOrTh aMericA,Usa,  nEW yorK  ,  NeW yOrk  $,10001,reneethompson@hotmailcom,+75-328-4902
1226,,2023-11-18,2006-09-20,Ryan Smith Chen,Single,,,sOUth AMerica,brAZiL,são PauLO,são PauLO,01000-000,ryansmith@yahoocom,+32-288-2053
1227,Male,2025-04-07,2007-04-21,Joseph Miller,Married,prime,Inactive,  south AMERiCa  ,  BraZil  @,RIO dE JANeIrO,RIO dE JANeIrO,  20000-000  ,josephmiller@yahoocom,+84-800-6399
1228,other,2024-03-22,1966-11-25,Natalie Reyes García,Single,,,aSIa,  inDiA  ,kArNAtaKA#,bEnGaLUrU#,560001@, natalie.reyes@hotmail.com ,+96-519-5431
1229,female,2023-12-17,1976-04-26,Kenneth Bradley,Single,prime,Suspended,asIA$,iNdiA$,MAhaRaShtra,MUMbaI,400001,kenneth.bradley@hotmail.comm,+57-221-7835
1230,M,2024-10-29,2003-03-21,Elizabeth Butler,,prime,Suspended,ASIA$,japAn,    TokyO    @,  SHiNJUKu  ,1600022,,+66-482-2127
1231,F,2025-01-12,1976-10-09,Catherine Griffin,m,prime,Active,  asiA  ,JApAn$,osaka,KitA@,  5300001  @, catherine.griffin@hotmail.com ,+58-779-5929
1232,m,2025-02-23,1992-03-29,Trevor Bautista,s,non-prime,Inactive,  EUROPE  ,geRMANy,bAVARIa,  MunIcH  $,80331,trevor.bautista@hotmail.comm,+93-323-3331
1233,female,2025-06-28,1980-12-03,Robert Parks MD Almeida,single,non-prime,Inactive,EuroPE,  germANY  ,  beRLiN  @,berlIN$,10115,ROBERT.PARKS.MD@HOTMAIL.COM,
1234,f,2024-12-01,2004-07-16,Robin Wyatt,single,,,AFRICa,nigerIA#,  laGos  !,IKEja,100001,robinwyatt@hotmailcom,+99-542-1148
1235,,2023-10-12,2001-04-07,Amy,Married,non-prime,,  aFrIca  ,NIgERia,  AbUja  ,  maItaMA  #,900271,amygmail.com,+46-608-3521
1236,other,2024-12-07,2005-01-22,Toni Ortiz,single,non-prime,,  nOrtH aMERIcA  ,uSa#,cALiFoRnIA,LOS aNgELES,90001,,+92-199-6258
1237,f,2024-02-18,1956-01-28,Olivia Randolph,single,non-prime,,  NORTH AmeRICa  ,  uSa  ,nEW YoRK,  New yOrk  ,10001#,olivia.randolph@gmail.comm,+20-233-9092
1238,Female,2024-10-18,1978-01-08,Melanie Garrett Almeida,Single,non-prime,,sOuTH amERiCA,bRAZIl,São pAUlo,sÃo PauLO,01000-000,,+80-562-8795
1239,M,2025-04-30,1956-05-15,Michael Crawford,,prime,Active,sOutH amERica,  BrAzIl  ,rIo DE JaNeIro,rIo DE JaNeIro,20000-000,michael.crawford@@gmail.com,+17-787-5714
1240,,2025-01-21,2003-08-19,Benjamin Newton,,non-prime,,aSiA$,  INdiA  ,kArNAtaKA#,bEnGaLUrU#,560001,benjamin.newton@gmail.comm,+41-461-2731
1241,,2025-06-17,1982-02-15,Jessica,m,prime,Active,ASIa!,iNDiA,MAhaRaShtra,MUMbaI,400001,,+20-968-7930
1242,M,2025-04-22,1971-08-14,Kristy Tate,single,prime,Active,  AsiA  !,  JApaN  ,tokyO,ShiNJukU,1600022,kristy.tate@yahoo.comm,+81-302-7576
1243,Other,2024-01-07,1961-05-11,Aaron Williams,m,non-prime,Active,  AsIa  ,jApaN,osaka,KitA@,5300001,aaron.williamsgmail.com,+34-715-7230
1244,F,2024-06-28,1961-06-12,Donald Harding,,prime,Active,eUROPe,gErMaNy,bAVARIa,  MunIcH  $,80331,donaldharding@yahoocom,+27-506-4081
1245,Male,2024-03-02,1968-02-08,Joel Perez Almeida,single,prime,Active,EUrOPe,GermaNY,  beRlin  ,  beRlin  ,10115, joel.perez@gmail.com ,+2-679-5348
1246,Other,2024-12-19,1978-09-16,Carrie,single,non-prime,Inactive,  AfriCA  #,  nigEriA  ,  lagoS  ,IkeJa$,100001!,carrie@@gmail.com,+1-230-2358
1247,Female,2024-01-15,1963-12-08,Michael Carlson Singh,single,prime,Inactive,aFrica,NiGerIa,abuJA#,  maitAMA  ,900271,michael.carlson@yahoo.comm,+88-407-4787
1248,other,2023-08-11,1955-11-13,Karen Johnson,married,,,  NOrTH amEricA  ,  uSA  !,CaLIFOrniA$,lOs AnGElEs,90001,karenjohnson@yahoocom,+10-171-6666
1249,M,2023-08-11,1994-08-27,Deborah Young,s,prime,Active,NOrtH ameriCA@,USA,NeW YOrK,NeW YOrK,10001,,+81-554-7305
1250,Other,2023-12-27,1987-07-13,Ronald Underwood,,prime,,soUtH ameRiCA,  BRaZIl  ,são PauLO,são PauLO,01000-000,ronald.underwood@yahoo.comm,+19-465-8242
1251,Male,2023-09-03,2002-12-12,Anthony Almeida,Single,prime,,SOUtH AMeRiCa,bRaZiL,RIO dE JANeIrO,RIO dE JANeIrO,  20000-000  , anthony@yahoo.com ,+43-631-9451
1252,Male,2024-12-25,2002-04-15,Deborah Stephenson,single,prime,,AsIa,iNdIa,kArNAtaKA#,bEnGaLUrU#,560001,,+32-273-5093
1253,other,2024-08-31,1963-12-08,Laura Larson,Married,prime,,  ASia  ,IndiA,MAhaRaShtra,MUMbaI,400001!, laura.larson@hotmail.com ,+12-814-5693
1254,M,2024-12-11,1960-11-26,Bryan,s,non-prime,,asIA,  japAn  $,TOkYo,  SHInjUku  ,1600022,bryan@yahoo.comm,+21-472-5492
1255,F,2024-12-14,1986-12-31,Catherine Lopez,s,prime,,asIa,JAPan,  OSaKa  ,kITa,5300001,,+27-354-4102
1256,m,2024-04-12,1961-10-23,Amber Williams,s,non-prime,Suspended,  EUROPE  ,germanY,BAVAriA,  muNiCh  ,  80331  $,amberwilliams@yahoocom,+74-562-3519
1257,Male,2023-09-01,1984-09-27,Julia Yates,married,non-prime,Active,EURopE,GerMaNy#,bErliN,  bERliN  @,10115,julia.yates@@hotmail.com,
1258,Male,2024-09-06,1991-09-25,Justin Garcia García,,non-prime,Active,  aFrica  ,NIgErIA,  lagoS  ,IkeJa$,100001,justingarcia@gmailcom,+81-697-6013
1259,,2023-07-30,1996-12-09,Jonathan Berry,,prime,,afRiCa$,  niGeriA  ,abuja#,maItAMa$,900271, jonathan.berry@gmail.com ,+80-692-5109
1260,f,2024-03-18,1992-05-20,Ann Jones,m,prime,,NoRTH AmerIca$,USa@,  cALIForNiA  ,  los ANGelEs  ,90001$,ann.jones@gmail.comm,+45-315-8449
1261,Other,2024-05-31,1981-11-21,Jennifer Chan,M,prime,,  norTH AMErICA  #,uSA,  nEW York  ,new yORk,10001,,+55-921-7791
1262,female,2024-02-08,1959-12-12,Julie Yang,single,non-prime,,SoUth AmeRIca,BrazIL@,são PauLO,são PauLO,01000-000@,julie.yang@@hotmail.com,+50-960-5428
1263,,2024-05-04,1993-02-16,Jason Abbott,m,prime,,SOuTH AmericA,bRaZIl,RIO dE JANeIrO,RIO dE JANeIrO,  20000-000  ,jason.abbott@@gmail.com,+97-354-7200
1264,Female,2024-04-10,1962-03-31,Steven Davis,M,prime,,ASia,  inDIA  ,  kArnATaka  @,beNGALuRU@,560001,steven.davis@yahoo.comm,+73-240-1603
1265,Female,2024-12-03,1998-11-07,Blake Vega,s,non-prime,Inactive,AsiA,  iNDiA  ,MAhaRaShtra,MUMbaI,400001, blake.vega@gmail.com ,+8-121-1449
1266,m,2024-03-13,1983-05-10,Renee Evans,s,prime,Suspended,aSIA,  JaPaN  ,tOkyo,SHINjuKU$,1600022,,+41-629-9246
1267,M,2023-12-31,,Katherine,married,non-prime,Active,AsIa,JapAN,osaka,KitA@,5300001,katherine@hotmailcom,+85-394-2733
1268,,2025-01-02,2000-06-24,Renee,s,non-prime,,eUrOpE,  geRmany  ,  BavariA  ,muNicH,80331,reneegmail.com,+53-862-2897
1269,Female,2023-09-22,1979-11-17,Scott Wilson,s,prime,Suspended,euROPE#,GeRManY,  beRliN  ,BERliN!,  10115  @,,+44-143-9257
1270,M,2025-05-22,1959-11-30,Sarah Ochoa Chen,Married,non-prime,Suspended,AfRiCA!,NigERIA,  lagoS  ,IkeJa$,100001!, sarah.ochoa@yahoo.com ,+92-651-5470
1271,Male,2025-02-03,2006-03-24,Kyle David,single,non-prime,Inactive,  afrIca  ,  NIGerIa  ,AbuJa,MAiTAma,900271,kyle.davidyahoo.com,+88-292-2441
1272,,2024-03-20,1971-10-05,Gloria Jordan,s,prime,Active,nortH AmEricA,uSA,caLiForNiA,Los AngEleS@,  90001  @, gloria.jordan@hotmail.com ,+94-368-5895
1273,Female,2024-12-23,1996-10-09,Paul Dodson,married,non-prime,,NOrtH amERICa#,  USA  @,  New yoRK  ,  nEW yORk  @,10001,,+24-244-2116
1274,,2025-03-26,1959-02-09,Victoria Hayes,single,non-prime,Active,sOUTh ameriCA@,BRaZil,sÃO PAUlO,sÃO PAUlO,01000-000, victoria.hayes@yahoo.com ,+63-693-6526
1275,Female,2024-03-21,2003-06-21,Jasmine Wright,single,prime,Suspended,  sOUTh AMERica  ,brAZIl,  RIo dE JaneIro  ,rIO DE jaNEIRO,20000-000,jasmine.wright@@gmail.com,+88-289-7955
1276,male,2024-02-14,1971-10-27,Sandra Adams,M,non-prime,Active,asia,india,karNATAKA,bengaluru,560001,SANDRA.ADAMS@GMAIL.COM,+20-611-7347
1277,other,2023-11-04,1991-01-18,Michael Ward,m,non-prime,Inactive,AsiA,  INDia  #,MAhaRaShtra,MUMbaI,400001$,michael.ward@@yahoo.com,+74-924-5693
1278,Female,2024-01-09,1957-01-03,Jonathan Guerrero,,prime,Inactive,  asiA  ,jApaN,    TokyO    @,  SHiNJUKu  ,1600022,jonathanguerrero@hotmailcom,+83-904-9267
1279,f,2023-10-08,1998-06-30,Shannon Downs,m,prime,Active,asIa,  JApaN  ,osaka,KitA@,5300001,shannon.downshotmail.com,+10-416-2384
1280,M,2024-01-07,1966-06-27,Kathryn Myers,Single,non-prime,,  EUROPe  ,  gErmANY  ,bAVARIa,  MunIcH  $,80331,KATHRYN.MYERS@GMAIL.COM,+6-174-7720
1281,Female,2023-08-29,2003-10-31,Alexis Holt,,prime,Inactive,  EuroPE  ,  GermANY  ,  bERLIN  #,  bERLIN  #,10115,alexis.holtyahoo.com,
1282,Other,2025-02-01,2007-02-20,Juan Mcfarland,married,non-prime,,  aFrICA  ,nIGERIA,  laGOs  ,ikeja   ,100001$,juanmcfarland@hotmailcom,+92-587-5005
1283,m,2025-06-23,1979-10-10,Joyce,m,non-prime,Suspended,aFRIca,nIGerIA,AbUjA,maITamA,900271,joyce@gmailcom,+54-843-3463
1284,Male,2024-09-10,1968-04-18,Brandon Davis,single,prime,Suspended,NoRth aMEriCa,usA,  CaLIFORNIA  !,LOs anGELEs$,90001, brandon.davis@gmail.com ,+35-803-2247
1285,male,2024-08-26,1970-06-17,Charles Ferguson,,,Suspended,  NOrtH aMERicA  ,  UsA  #,nEw YoRk!,nEw YoRk!,10001,,+64-513-1966
1286,Female,2024-06-29,1980-03-09,Kristin Meyer,single,non-prime,Inactive,  souTH AMEriCa  #,brazil,São Paulo,São Paulo,  01000-000  ,,+21-805-5325
1287,,2025-07-12,1959-06-27,Kurt,single,prime,,sOutH AMERiCa,  bRazil  @,Rio De janEIRO,Rio De janeiRo@,  20000-000  #,kurtgmail.com,+47-638-7916
1288,M,2025-01-16,,Heather Dixon Ali Ali,M,prime,,asiA,india,  karnatAka  ,  BeNGaLURu  ,560001,heather.dixon@@gmail.com,+9-253-3504
1289,F,2024-06-14,1988-12-12,Chad Adams,single,prime,Suspended,  aSiA  ,  InDIa  ,MAhaRaShtra,MUMbaI,400001,chad.adams@@gmail.com,+97-402-1728
1290,m,2023-11-27,1988-10-06,Ryan,married,prime,,AsIA,jApan,    TokyO    @,  SHiNJUKu  ,1600022,,+29-394-6543
1291,Female,2023-08-27,1978-06-11,Justin Murphy,single,prime,Inactive,aSIA,JapAn,osaka,KitA@,  5300001  @,justin.murphy@@hotmail.com,+17-575-4483
1292,male,2025-04-10,1993-04-14,Margaret,Single,prime,Inactive,EuROPE$,GermanY,  bAVARia  ,MUnIcH,80331!,margaret@gmail.comm,+76-657-6599
1293,Female,2024-09-16,1993-07-12,Andrew Ford Müller Müller,m,non-prime,,EuROpE,geRMany,  berLin  ,  berLin  ,10115,ANDREW.FORD@YAHOO.COM,+99-610-8591
1294,F,2023-08-09,1972-01-28,Scott Müller Lee,single,prime,Active,afrIcA,nigERiA,  lagoS  ,IkeJa$,  100001  $,scott@hotmailcom,+17-619-8319
1295,,2024-06-15,1957-03-06,Christian Hampton,Single,non-prime,Inactive,aFRica,NigERiA!,AbUjA,maitaMa,900271,christian.hamptonhotmail.com,+13-527-7620
1296,male,2023-08-18,1977-01-16,Jo Chapman,Single,prime,,  north aMERiCa  @,  Usa  ,cALiFoRnIA,LOS aNgELES,90001,,+88-208-4642
1297,Male,2025-07-09,1977-03-18,Jeremy Wallace,,non-prime,Suspended,NOrth aMeriCA#,uSa,NEW yoRk,neW YOrK,10001,jeremywallace@yahoocom,+14-345-1255
1298,female,2025-03-29,1974-08-07,Erika Williams García,single,prime,Inactive,SouTh AMErICa,BraziL,sÃo PAuLO#,SãO pAUlO,  01000-000  @,erikawilliams@hotmailcom,+22-244-8324
1299,Male,2025-03-13,1993-01-14,Jill,s,prime,Suspended,  SOuth amerICa  !,BRazIL,  rIo DE JaneIRO  ,  rIo DE JaneIRO  ,20000-000#,,+30-154-6193
1300,M,2025-01-09,1967-07-18,Victor Smith Almeida,,non-prime,Inactive,ASia,  INdiA  ,kArNAtaKA#,bEnGaLUrU#,560001,victor.smith@@yahoo.com,+50-765-3401
1301,Other,2023-10-18,1956-09-01,Julie Pierce,single,non-prime,Active,ASIa,  iNdIa  ,maharashTRA#,mumBaI,400001,,+29-185-7373
1302,Female,2024-12-01,1977-06-13,Jessica,M,non-prime,Inactive,asiA,japaN,TOkyO,ShinjuKU,1600022,jessica@hotmail.comm,+40-157-1986
1303,Other,2023-07-23,1998-05-12,Lisa Thompson,married,prime,Inactive,aSIA,  JApAN  ,osaka,KitA@,5300001,lisa.thompson@@hotmail.com,+40-379-4429
1304,M,2024-10-06,2002-02-01,Kenneth Hahn,M,prime,Active,  eURope  !,GermAny,bAVARIa,  MunIcH  $,80331,kenneth.hahn@@hotmail.com,+50-140-5747
1305,f,2023-10-03,1985-10-15,Jaime,Single,prime,,  eUrOPe  ,germAnY,  bErlin  ,  bErlin  ,10115$,,+19-522-8395
1306,Male,2024-01-25,1971-01-24,Catherine Brown,Married,non-prime,Suspended,  AfRiCA  #,  NigErIA  ,  lagoS  ,IkeJa$,100001,,+44-881-1006
1307,other,2025-05-11,1967-03-11,Stephen Wilson,s,,Active,AfrIca,  nIgeria  #,ABUja,maitama,900271$,,+96-392-9047
1308,f,2023-07-13,1984-10-21,Kevin Watkins,married,prime,Suspended,NorTH AmerIcA#,  uSA  ,cALifORNIa,LOS AngelES,90001, kevin.watkins@yahoo.com ,+93-134-4603
1309,M,2024-11-26,1995-11-26,Robert Wilkinson,s,prime,,noRtH aMERICa,usa!,nEW yOrK,  NeW York  ,10001,robert.wilkinson@gmail.comm,+93-134-2528
1310,M,2024-04-26,1977-02-21,Carolyn Gomez,single,non-prime,Active,souTh aMeRIca,  brAZil  ,sãO pauLO,sãO pauLO,01000-000,,+9-767-6418
1311,female,2024-09-10,1980-01-29,Angela Almeida,Single,prime,,  SOutH aMerICa  ,  BrAzIL  ,RIO de JANEIRO,  riO DE JanEiro  #,  20000-000  , angela@yahoo.com ,+19-246-6180
1312,other,2024-12-04,1961-01-22,Brittney Lee Ali,,prime,,asIA,inDIA#,kArNAtaKA#,bEnGaLUrU#,  560001  $,brittneyyahoo.com,+4-551-8623
1313,Male,2024-02-14,1999-02-02,Brenda Bowen DDS,married,prime,Suspended,asia,inDIa#,mAHaRaSHtRa,MUmbaI,400001@,,+77-960-5411
1314,female,2025-01-19,1984-05-25,Carlos Curry,m,prime,Active,AsiA@,JAPaN,tokyo,  shiNJUKu  ,1600022,carloscurry@hotmailcom,+97-712-2008
1315,female,2024-07-01,1985-10-21,Dr. Cameron Liu,Single,prime,Inactive,  ASIa  @,Japan,osaka,KitA@,5300001,dr..cameron.liu@hotmail.comm,+38-783-5678
1316,Male,2023-12-29,1962-08-26,Steven Davis,M,non-prime,Active,  euRope  ,  geRmany  @,bAVARIa,  MunIcH  $,80331,steven.davishotmail.com,+23-665-4942
1317,m,2024-09-17,1979-08-11,Alyssa,Single,,Inactive,EuRoPE,  GerManY  ,bErlIN,BERliN$,10115,alyssahotmail.com,+33-212-3416
1318,Male,2024-03-02,1999-03-04,Jennifer Booker,s,prime,Suspended,aFriCA$,NigEria,  lagoS  ,IkeJa$,100001,,+2-343-2259
1319,m,2023-09-19,1974-08-22,Vincent Myers,s,prime,,AFrICa,  NigERIA  ,  aBUja  ,  mAItaMa  #,900271#,,+77-977-2615
1320,other,2025-01-25,1975-09-14,Dawn Floyd,M,non-prime,Active,NoRTh amERiCA,  Usa  !,cAliFOrniA@,lOS aNgeLES,90001,dawn.floyd@@hotmail.com,+60-391-2815
1321,Other,2024-01-19,1972-04-09,Michelle García,single,prime,Active,North AmerIcA,uSa,nEw YoRK@,NEw yoRk,10001, michelle@hotmail.com ,+68-668-9935
1322,female,2025-01-23,2007-01-26,Tiffany Johnson,M,non-prime,,South AMERICA$,BRazil,  São paULo  ,  São PAUlO  $,  01000-000  ,TIFFANY.JOHNSON@HOTMAIL.COM,+98-261-7415
1323,M,2023-07-30,1990-12-20,Sydney Rogers,married,prime,,SoutH AMerica#,  bRaZil  ,RiO de JAnEIRo,rio dE janeiRo$,  20000-000  #,sydney.rogersgmail.com,+8-544-7131
1324,Male,2023-07-23,1985-05-15,Aimee Rivera,Married,prime,,ASiA#,iNDia,kArNAtaKA#,bEnGaLUrU#,560001,AIMEE.RIVERA@HOTMAIL.COM,+47-340-1352
1325,Female,2025-05-31,1975-07-21,Desiree García,M,non-prime,,  asiA  ,INdia,  MAHarAshTra  ,muMBAI,400001,desiree@hotmailcom,+69-936-4262
1326,F,2024-06-23,1960-10-25,Robert Chavez Singh,Single,non-prime,,  asIA  ,  jAPAN  ,    TokyO    @,  SHiNJUKu  ,1600022@,robert.chavezyahoo.com,+42-524-7958
1327,Female,2025-06-14,,Kristin Flores Almeida,Single,non-prime,Suspended,asia,JapAn,  OSAKa  ,Kita,5300001@, kristin.flores@gmail.com ,+24-946-6773
1328,F,2023-08-01,1964-11-14,Carlos Jordan,married,non-prime,,EUroPe$,geRmAnY#,bAVARIa,  MunIcH  $,80331,carlosjordan@hotmailcom,+11-896-8104
1329,F,2024-11-07,1978-01-24,Mr.,M,non-prime,Active,EUrope$,gErMANy#,  berlin  ,BerLin,10115,MR.@GMAIL.COM,+25-431-9293
1330,Male,2025-01-06,1996-06-11,Christian,m,prime,,aFrICa,  nIGERIa  ,  laGOS  ,ikeJA@,100001#, christian@gmail.com ,+3-856-8215
1331,M,2023-09-22,1957-11-10,Joseph,m,prime,,afriCa$,  NigeriA  ,  AbUja  @!,@#  MaItAmA  ,900271,,+40-506-3100
1332,Male,2024-05-04,1957-02-25,Judy Dixon,m,prime,,NoRTh aMERIcA$,USa@,cAlIFORnIa,Los AnGelEs,90001,judy.dixonyahoo.com,+45-415-7775
1333,female,2024-06-20,2005-10-27,John Moore,s,,,NOrtH America,usa,  nEW YOrK  ,  new yOrK  $,10001,johnmoore@gmailcom,+87-412-6366
1334,,2023-11-28,2004-06-29,Charles Petty,married,non-prime,,  sOUTH AMerIcA  ,  brAziL  ,  sÃo paulO  ,São pAulO,01000-000#,charles.petty@gmail.comm,+16-318-2879
1335,M,2024-01-17,1997-10-08,Jennifer,Single,non-prime,,sOUtH AMErica@,  brazIL  #,rIO de jaNEIRo,rIO de jaNEIRo,20000-000,,+76-795-6674
1336,m,2025-06-02,1999-06-11,Karen Lindsey,m,non-prime,Active,  aSiA  ,iNdia,kArNAtaKA#,bEnGaLUrU#,560001,karen.lindsey@@gmail.com,+22-810-6500
1337,M,2025-07-09,1997-02-21,Raymond Thompson,single,non-prime,Inactive,  asIa  ,india,  maHArashTRa  $,  muMbaI  ,400001, raymond.thompson@hotmail.com ,+59-109-6651
1338,M,2024-06-09,1973-01-05,Isabella Patterson,single,prime,Active,  ASia  ,JApan!,    TokyO    @,  SHiNJUKu  ,1600022#,isabellapatterson@hotmailcom,+1-622-3747
1339,M,2025-05-16,1998-11-25,Timothy Davis,single,non-prime,Inactive,  ASiA  !,jAPan!,oSAka,KitA#,5300001,timothy.davis@hotmail.comm,+46-945-7181
1340,F,2025-06-05,1987-06-16,Chad Stanley,married,non-prime,,EUROpe,GErmany,baVAria,mUNicH#,  80331  !,chadstanley@gmailcom,+39-359-1497
1341,,2023-09-22,1997-05-25,Robert,single,prime,Suspended,  europe  ,GERmaNy,BErLin!,BeRLiN,10115,robertgmail.com,+95-931-8366
1342,female,2024-02-17,1992-11-04,Erin,,non-prime,Active,aFricA@,NIGerIa!,  lAGos  ,  IkEja  ,100001!,erin@hotmailcom,+67-251-3670
1343,Male,2025-04-06,1968-03-24,Rebecca Mitchell,single,prime,,  aFrICA  $,  niGerIa  ,  AbUja  @!,  mAiTaMA  ,  900271  #,REBECCA.MITCHELL@GMAIL.COM,+14-182-8432
1344,female,2023-09-12,1962-01-03,Gregory,Single,non-prime,,NORTH AMERIcA#,  UsA  !,cALiFoRnIA,LOS aNgELES,90001,gregory@gmailcom,+55-572-1064
1345,f,2024-12-17,1968-07-28,Krystal,married,prime,,NORtH AMErICA@,uSa,nEW YorK,nEW YorK,10001,,+78-860-9967
1346,male,2025-07-02,1995-08-06,David Miller,Married,prime,Inactive,soUTH aMeRICa,BRAzIl,  sãO PAUlO  ,  sÃo pAuLo  @,01000-000, david.miller@yahoo.com ,+86-216-7218
1347,m,2024-10-15,1976-11-11,Nicole Chen,,prime,Inactive,SoUth ameriCA!,bRazil,RIO DE janEIRo!,RIO DE janEIRo!,  20000-000  $,nicolehotmail.com,+2-347-8426
1348,f,2024-03-03,,Bethany,M,,Inactive,aSIA,  iNdIA  ,  KARNAtAkA  #,  bENGAlURu  ,560001,bethany@hotmailcom,+43-745-4476
1349,female,2023-11-05,2003-10-07,Dustin Mckinney,M,non-prime,,  AsIa  ,iNdIA,  MaHaraShtRa  ,mumbAi,400001,dustinmckinney@yahoocom,+74-170-2708
1350,Male,2025-07-12,1983-10-22,Lacey Morrow,married,prime,,  AsIa  ,JaPAn,    TokyO    @,  SHiNJUKu  ,1600022,lacey.morrow@@gmail.com,+97-847-1537
1351,other,2024-04-26,1957-10-19,Angela Berry,single,non-prime,,asia,jaPan@,  OsaKA  ,KITa,5300001,angela.berrygmail.com,+68-605-5706
1352,m,2025-02-07,2001-09-12,Elizabeth White,s,prime,,EurOpE@,  GERMANY  #,bAVARIa,  MunIcH  $,80331,ELIZABETH.WHITE@YAHOO.COM,+85-951-8299
1353,male,2024-02-02,1967-05-06,Mary Harrington,married,prime,Suspended,  EuROPe  ,gErmANY,bErLin,bErLin,10115,,+33-205-1174
1354,Female,2023-12-16,1963-08-12,Elizabeth Skinner MD,M,prime,,  afrIca  ,NIGeRIa,LaGos#,  iKeJa  ,100001,,+16-878-6550
1355,f,2023-09-03,2004-06-25,Brittany Mcguire,Single,non-prime,,  afrICA  $,niGeRia,  AbUja  @!,@#  MaItAmA  ,900271,brittany.mcguire@gmail.comm,+16-256-3330
1356,f,2025-02-02,1994-02-11,Meagan Patterson,single,non-prime,,nOrth aMErIca,USa,cAliforNIa,LOs Angeles$,90001,,+44-300-6809
1357,f,2024-12-08,1963-07-16,Deanna Freeman,,prime,Suspended,nORth AmErica,USa!,nEw YoRK@,NEw yoRk,10001,DEANNA.FREEMAN@GMAIL.COM,+39-215-8719
1358,M,2024-09-01,1984-07-08,Stanley Brown,single,prime,Suspended,SOutH AmerICa#,bRaziL@,são PauLo,são PauLo,01000-000!,stanleybrown@hotmailcom,+18-465-2086
1359,M,2024-01-22,1997-03-18,Michael Fuller,Single,non-prime,,  SOuTH AmERicA  ,  BRAZiL  $,Rio DE JAneiRO,riO dE JanEIRO,20000-000,michael.fuller@yahoo.comm,+8-783-6616
1360,female,2025-01-01,1956-12-25,Kenneth Shepard,M,prime,Active,  aSIa  ,iNdiA@,kaRnatAkA,  bENGALuRU  ,560001,kennethshepard@gmailcom,+25-421-5882
1361,male,2024-03-16,2004-07-23,Tara George,m,prime,Active,AsIA#,InDia$,  MAhARAshTRA  ,MumbAI,400001,tara.georgeyahoo.com,+26-581-6054
1362,M,2024-04-29,1966-07-08,Pamela,single,prime,Inactive,  AsIA  ,  JapAN  ,    TokyO    @,  SHiNJUKu  ,1600022,pamela@gmailcom,+66-239-2556
1363,Other,2024-10-20,1994-01-02,Frank Cochran Fernandez Lee,m,prime,,asiA,JApan,osakA,kitA!,5300001,frank.cochran@hotmail.comm,+66-440-7634
1364,female,2025-02-07,1976-01-26,Alexandra Marshall,M,prime,Inactive,  euroPe  @,GErMAny,bAVARIa,  MunIcH  $,80331,,+34-329-9577
1365,M,2023-08-03,1999-01-16,Derrick Lee Fernandez,single,non-prime,Active,eURope,  GermANy  ,  berLIN  ,  berLIN  ,10115,derrickyahoo.com,+83-464-2355
1366,Other,2024-12-13,2003-07-16,Neil Moore,Single,prime,Inactive,AFRIca,  nIGERia  ,  lAGOs  @,  IkEjA  ,100001,neilmoore@hotmailcom,+45-700-7810
1367,F,2024-09-30,1990-11-24,Maria Jackson,single,prime,Inactive,  africA  $,NigerIA,  AbUja  @!,@#  MaItAmA  ,900271,,+94-145-8509
1368,,2025-03-11,1959-09-20,Courtney Foley,m,non-prime,Suspended,NOrth amErIca,UsA,cALiFoRNiA,  loS ANGEleS  ,  90001  @, courtney.foley@gmail.com ,+39-449-2353
1369,Other,2024-09-17,1991-02-02,Edward Bates,M,prime,,  noRTh AmERiCA  ,uSA,New yOrk,new yorK!,10001,edward.bates@gmail.comm,+91-362-6091
1370,other,2024-06-15,2003-10-24,Eric Torres Smith,single,non-prime,,  sOUth AMeRicA  $,  brAZIl  ,SÃo PAuLo$,SÃo PAuLo$,01000-000,eric.torres@gmail.comm,+22-499-6423
1371,other,2023-12-28,1962-03-15,Edward White,single,prime,Active,SoUtH AmERIca,bRazIl,riO De jaNeiRo,riO De jaNeiRo,20000-000,,+21-850-7056
1372,Male,2023-08-26,1969-06-15,John Dixon,Married,prime,Inactive,Asia,  INDIa  $,kArNAtaKA#,bEnGaLUrU#,560001,,+71-851-7767
1373,other,2025-04-01,1966-09-28,Jennifer,Married,non-prime,Inactive,  ASia  ,iNDia,  MAhAraShtrA  @,MumbAi,400001,,+2-386-8109
1374,m,2025-04-27,1996-06-11,Stephen Nolan,married,non-prime,Active,aSiA!,jaPan,  Tokyo  ,  ShInjuKu  #,  1600022  #,,+74-532-2370
1375,m,2025-06-11,2005-05-12,Richard Saunders,single,,Active,  asIa  ,jApan,osaka,KitA@,5300001$,richardsaunders@gmailcom,+17-949-9019
1376,F,2023-12-16,1969-11-18,George Wilson,Single,prime,Suspended,EuROPe,  gERmaNY  ,bAVARIa,  MunIcH  $,80331, george.wilson@hotmail.com ,+40-605-5789
1377,m,2025-04-14,1994-02-18,Brittany Nunez,single,non-prime,Suspended,  eUrOpe  ,  GErmany  ,BERliN,berLin@,  10115  $, brittany.nunez@hotmail.com ,+72-633-1405
1378,,2024-06-02,1993-12-19,Mark,single,prime,,  AfRIca  ,  NIGErIa  $,  lagoS  ,IkeJa$,100001,MARK@HOTMAIL.COM,+41-755-4442
1379,M,2024-06-25,1968-06-02,Maria,M,prime,Active,afRica,niGerIa#,aBUjA$,maiTAMa#,  900271  !, maria@yahoo.com ,+5-552-5801
1380,F,2024-10-13,1975-04-02,Jordan Cunningham Chen,single,non-prime,Suspended,noRTh AmErIcA,USA,cALiFoRnIA,LOS aNgELES,90001,jordancunningham@gmailcom,+58-659-5985
1381,male,2023-10-08,1982-06-30,Jeffrey Montgomery,,prime,,  nOrTH AMerICa  #,USA,NeW YoRK,nEW YORk$,10001,,+31-761-8504
1382,,2025-03-31,1990-10-25,Dylan Ellis,s,,Inactive,  sOUTH aMEriCa  $,braZiL#,sÃO pAuLo,São PAulO,01000-000$,,+23-704-4594
1383,Male,2024-11-21,1989-07-23,James Frank,single,non-prime,Active,  SoUtH amerICA  ,  brAzIl  ,  RiO de JAneiRo  ,  RiO de JAneiRo  ,  20000-000  ,jamesfrank@hotmailcom,+77-196-4019
1384,Female,2025-03-02,1969-08-06,Sheri Murphy,single,non-prime,Inactive,aSiA,  iNdiA  #,KARNATaKA,bEnGaLUrU#,560001,,+95-134-2786
1385,f,2023-11-06,1984-12-14,Shawn García,married,prime,Suspended,  AsiA  ,  INdia  ,MaharAShtrA#,MuMbAi,400001,SHAWN@GMAIL.COM,+92-162-7738
1386,Male,2025-02-27,1992-12-31,Suzanne Williams,single,non-prime,Inactive,  aSiA  ,japAn@,    TokyO    @,  SHiNJUKu  ,1600022,,+55-573-5368
1387,f,2025-06-02,2001-05-05,Jeffrey Weaver,single,non-prime,Active,  asIa  ,japan@,  osaKa  ,kITa,5300001,jeffrey.weaveryahoo.com,+88-210-1511
1388,female,2024-03-20,1977-12-13,David Ellison,s,non-prime,Suspended,EUroPE$,  GerMaNY  ,bAVARIa,  MunIcH  $,80331, david.ellison@yahoo.com ,+53-678-2533
1389,m,2024-03-07,1987-03-22,Jessica Woods García,single,prime,,europe,gERmANy,  BerLIn  ,  BerLIn  ,10115,JESSICA.WOODS@YAHOO.COM,+81-358-1636
1390,other,2024-03-27,,Elizabeth Roberts,single,,,  aFriCA  ,NiGerIa,  LaGos  ,IkeJA!,100001!,,+13-798-8070
1391,,2024-04-07,1992-05-05,Brian,Single,non-prime,,afRiCa$,nigEria#,  AbuJA  ,  MaITAma  ,900271,,+97-493-4687
1392,Other,2024-03-29,1958-01-31,Michael,single,prime,,nortH AMeRiCA$,  Usa  ,CaliFORNia,  LoS AngELes  ,90001,,+85-213-5115
1393,Female,2023-10-13,1978-10-13,Mallory Cox,Married,prime,Active,NOrth ameRICa,  usA  ,nEw YoRK@,NEw yoRk,10001,MALLORY.COX@HOTMAIL.COM,+71-825-2142
1394,Other,2025-04-14,1998-05-17,Michaela Whitney,Married,non-prime,Active,  SoutH AmEriCa  ,  BRaZIL  ,sÃO PAUlo,  São pauLO  ,  01000-000  ,michaelawhitney@yahoocom,+98-610-3878
1395,other,2023-12-01,1962-11-05,Lindsay White,Married,prime,,SoUtH amerIca,bRAZIl@,rIo de JANeiRo,riO dE JAnEiRO,20000-000,LINDSAY.WHITE@GMAIL.COM,+9-323-2370
1396,f,2025-05-18,1980-06-28,Eric Murphy,Married,non-prime,Suspended,  aSiA  !,indiA,karnaTAKA,  bENgalURu  ,560001,eric.murphy@hotmail.comm,+38-405-8781
1397,female,2024-10-01,1994-05-25,Nicholas Ramos MD Chen,Married,non-prime,,ASIa,indIa,MaharAShtrA#  @,Mumbai@,400001,nicholas.ramos.mdgmail.com,+55-654-6973
1398,,2024-08-28,1970-06-13,Melissa,,non-prime,Active,  asiA  $,jApan$,    TokyO    @,  SHiNJUKu  ,1600022,,+27-398-8297
1399,Other,2024-09-20,1979-10-09,Melinda Peterson García,m,,Suspended,asia,jAPan,osaka,KitA@,5300001,,+34-890-9345
1400,male,2024-03-01,1990-07-07,Stacy Murphy,Married,prime,Suspended,  eUrOpe  ,GerMaNy,bAVARIa,  MunIcH  $,  80331  !,stacymurphy@hotmailcom,+99-166-5453
1401,,2024-08-22,1981-02-24,Margaret Solomon,s,non-prime,Inactive,EUroPe$,GeRmanY,beRLiN,  berLIn  ,10115,margaret.solomon@yahoo.comm,+23-594-7012
1402,F,2025-04-20,1961-09-12,Mrs.,single,prime,Active,AFRiCA,NIgeria$,  LAGOS  $,IKEjA@,100001,,+98-418-1968
1403,M,2023-10-19,2000-05-07,Kenneth Wood,married,prime,Active,  AFrICA  @,  nigERia  ,  AbUja  @!,@#  MaItAmA  ,900271,,+97-953-2359
1404,Female,2023-08-27,2001-06-28,Paul Martinez,s,non-prime,Active,NOrTH aMEriCa,  usA  ,cAlIfOrnIA,lOS anGeles!,90001,,+40-302-3703
1405,Male,2023-10-29,1984-06-18,Samantha Salinas,single,,Inactive,norTh AmEricA,usA,NeW yorK,NeW yorK,10001,samantha.salinashotmail.com,+11-109-6924
1406,f,2023-09-17,1998-10-22,Michael Smith,single,prime,Active,  sOUTH ameRica  ,BraZil,  sÃo paULO  ,sÃo PauLO,  01000-000  , michael@hotmail.com ,+83-933-8630
1407,,2024-07-24,1966-11-23,James Bennett,m,non-prime,Inactive,  SOUtH AmeRIca  ,BraZIl@,riO de jANeIrO,riO de jANeIrO,20000-000,james.bennett@hotmail.comm,+20-475-7480
1408,F,2024-11-16,1968-06-17,Scott Stephens,Single,non-prime,,aSia,InDIa!,KarnAtaKa,beNgALUrU,560001,scott.stephens@@yahoo.com,+36-967-6204
1409,Female,2024-07-24,1983-02-02,Shane Walters Smith,,non-prime,Active,  AsiA  ,INDIA,MaharAShtrA#,mumbai,400001,,+5-738-8942
1410,F,2024-08-26,2005-11-27,Chad Vincent,single,prime,,ASia,japAN@,TokYo,SHINJUKu$,1600022,chad.vincent@@gmail.com,+12-730-4147
1411,female,2025-05-07,,Leslie Bauer,,non-prime,Suspended,AsIa,  jApAn  ,osaka,KitA@,5300001#,leslie.bauergmail.com,+47-303-6254
1412,f,2024-02-04,1967-11-27,Ronald Murphy,m,,Active,EUROPE,geRMany,bavArIA,mUnICh,80331,,+69-721-9426
1413,other,2024-08-13,1969-08-31,Walter Shaffer,,prime,,eurOpE,gERMAny,BeRlIN,  beRlin  $,10115, walter.shaffer@hotmail.com ,+24-658-9722
1414,male,2024-05-15,1963-08-06,Cindy,married,non-prime,Suspended,  AfRIca  ,  nIgeria  ,  lagoS  ,IkeJa$,100001#, cindy@yahoo.com ,+96-617-2203
1415,Other,2025-04-24,2002-06-12,Richard,,non-prime,Active,africA,  NIgERIa  ,  Abuja  ,  MaItAma  ,900271!,RICHARD@YAHOO.COM,+19-639-5654
1416,female,2023-12-18,1967-01-02,Karl Moore,Married,prime,,noRTh aMErICA,usa,CalifOrnIA,  LOs aNGelEs  ,90001,karl.moore@yahoo.comm,+1-961-4216
1417,Female,2024-11-25,2000-05-10,Blake Fernandez Lee,single,non-prime,,norTh ameRiCa,USa#,  nEW YorK  ,  NeW YoRK  ,10001,blake@@yahoo.com,+53-657-8678
1418,F,2024-10-16,1977-05-04,Jason,single,prime,Suspended,SOuth amErICA#,brAzil,  SÃo pAUlO  #,SÃO pauLo,01000-000,,+36-290-2714
1419,female,2024-07-31,1971-02-03,Cynthia Barry Lee Müller,Single,prime,Suspended,soUth AmERiCA$,  bRAZil  @,  RIO DE JaNEIro  #,  RIO DE JaNEIro  #,20000-000,cynthiabarry@yahoocom,+82-738-6037
1420,male,2024-07-31,1964-03-24,Tyler Hart,m,non-prime,Inactive,  aSIa  ,india,kArNAtaKA#,bEnGaLUrU#,560001,TYLER.HART@GMAIL.COM,+15-870-3580
1421,other,2024-05-24,1958-03-11,Alexander,Married,,Active,aSIA#,iNdIA,MaharAShtrA#,mUMBaI,400001,alexander@@yahoo.com,+17-372-6383
1422,male,2024-03-05,2005-01-06,Mrs. Courtney Turner Lee Yadav,s,prime,Inactive,aSia,  jaPAn  #,Tokyo,sHInjuKU$,1600022,mrs..courtney.turner@gmail.comm,+84-517-8653
1423,Male,2024-11-09,1978-07-23,Rebecca,,non-prime,Suspended,ASIa,  japaN  ,osaKa#,KitA,5300001,REBECCA@GMAIL.COM,+51-775-9458
1424,m,2023-08-10,1963-06-22,Danny Anderson,single,prime,Inactive,EuROPe,  GeRMany  ,bavArIA,  mUnich  ,80331,,+70-871-4793
1425,Female,2025-06-17,1955-03-10,Kenneth,,non-prime,Suspended,EUROpE,  GeRManY  !,berlin,  beRlin  ,  10115  $,,+16-351-3081
1426,Female,2024-06-16,1974-12-30,Debra Bryant,Single,non-prime,Suspended,AfRiCa#,NIGeriA,  lagoS  ,IkeJa$,100001,DEBRA.BRYANT@GMAIL.COM,+91-116-1635
1427,f,2023-10-12,1969-10-09,Jamie Mclaughlin,s,prime,Suspended,  AFRIcA  ,  NigErIA  ,  abuJA  ,  maITaMA  ,900271,jamiemclaughlin@hotmailcom,+68-702-7004
1428,other,2024-04-30,1971-06-14,Kelsey Flores,single,,Suspended,NORth AMeRIca,  uSA  ,cALiFoRnIA,LOS aNgELES,90001,kelsey.flores@@yahoo.com,+79-735-9434
1429,Male,2024-05-06,1993-02-28,Natasha,s,,,NOrtH amErica,  usA  ,NEw yOrK,  neW YOrk  $,10001$,natasha@@yahoo.com,+84-563-6369
1430,M,2024-01-29,1980-12-19,Lori Hoover,single,,Suspended,  SoUth AMERiCA  !,braZIL,sÃo paUlO$,sÃo paUlO$,  01000-000  !,lori.hoovergmail.com,+67-514-4046
1431,Male,2023-10-30,2006-03-12,Anthony Morse,Married,prime,Inactive,  south aMerICa  ,Brazil,RIo De JANeiRO,Rio dE JANeIro,20000-000,anthony.morse@@hotmail.com,+26-443-7382
1432,,2024-04-19,1968-05-16,Renee Hernandez,m,non-prime,,  ASIA  !,india!,kArNAtaKA#,bEnGaLUrU#,560001$,,+86-814-2832
1433,male,2024-02-05,1998-05-08,David Gutierrez,m,prime,,aSIa,  iNdIa  ,mAHArAshTRa,  mUMBaI  !,400001#,,+98-549-1947
1434,male,2024-12-29,1976-08-17,Rhonda,married,prime,,AsiA,  japan  ,    TokyO    @,  SHiNJUKu  ,1600022,rhonda@hotmail.comm,+80-947-1444
1435,male,2023-10-11,2001-04-02,Julie Clarke,Married,non-prime,,Asia,  jaPaN  !,  OSaKa  @,kita!,5300001,JULIE.CLARKE@YAHOO.COM,+65-591-7050
1436,male,2023-10-20,1992-09-28,Benjamin,m,non-prime,Inactive,euRoPe!,GeRmany,bavarIA,MUNiCH,80331,,+33-616-6489
1437,female,2024-08-02,2004-07-29,Charles Miller,single,non-prime,,europE,gERmANY$,  BErLin  ,  BErLin  ,10115,charles.millergmail.com,+68-904-9094
1438,male,2024-04-22,1988-07-02,Paul Walker,single,prime,,  AfrIcA  ,  nigeRiA  ,LagOS,IkEjA,100001$,,+70-993-2708
1439,female,2024-05-12,1982-12-30,Rebecca Bird,single,non-prime,,AfrIcA,niGERia,AbUJa,maiTAMA,  900271  #,rebeccabird@hotmailcom,+35-218-9420
1440,M,2023-08-28,1998-01-08,Jasmine Bell,single,prime,,NoRtH AmeRICA,uSa,cALiFoRnIA,LOS aNgELES,90001$,jasmine.bellhotmail.com,+30-533-1415
1441,female,2024-09-10,1964-11-23,Adrian Gutierrez Smith,Single,non-prime,,NORTh AMeRica,USA,  New YoRK  ,neW yorK,10001,adrian.gutierrez@gmail.comm,+10-189-3119
1442,female,2025-03-14,1966-03-28,Brittany Rogers,married,non-prime,,SOuTH America!,  brAZil  ,sÃO pauLO,  São PaulO  ,01000-000,,+60-437-8375
1443,female,2024-01-04,1977-06-27,James Vazquez,s,non-prime,,soUtH AMERICa!,BrAzIl,RiO dE JAneiRO,RiO DE JANeirO$,20000-000,,+79-131-7720
1444,male,2023-09-21,1965-06-26,Rachel,,prime,Active,asia@,indiA,kArNAtaKA#,bEnGaLUrU#,560001, rachel@hotmail.com ,+94-738-2229
1445,m,2023-08-23,1958-07-04,Jacqueline Gonzalez,s,prime,,aSIA,inDIA,MaharASHTra,mUMbai,  400001  !,jacquelinegonzalez@hotmailcom,+39-252-9347
1446,male,2025-02-23,1998-11-30,Antonio Hale,Married,prime,,  aSia  ,jApaN,  toKyo  ,  SHINJUkU  $,1600022, antonio.hale@gmail.com ,+38-254-4252
1447,Other,2024-12-25,2003-03-16,Amber Curry,m,non-prime,Suspended,  aSia  ,Japan,osaka,KitA@,  5300001  #, amber.curry@hotmail.com ,+5-705-8418
1448,f,2024-09-18,1990-06-29,Nicole,married,non-prime,,eurOPe#,gERMaNY,BaVaRIA,mUniCH,80331,,+81-419-8293
1449,f,2024-07-12,1965-01-19,Sara,s,non-prime,Suspended,eURopE,gerMANy$,  BeRlIN  ,bERLin,10115, sara@gmail.com ,+50-846-4530
1450,Other,2023-12-01,1974-01-17,Dale Larson,s,,,  AFrICA  ,NIgERia,LAgos,  IkEja  ,100001,,+16-433-6644
1451,male,2024-05-11,1994-05-06,Megan,single,non-prime,,  aFRiCa  ,  nIGeRIA  ,abUJA,maItaMA,900271,megan@@yahoo.com,+43-225-2785
1452,female,2025-04-24,1982-03-13,Willie Morrison,Married,non-prime,,  NORtH AMERICA  ,usa!,  caLIfOrNiA  ,LOs ANGELeS,90001,willie.morrisonyahoo.com,+29-308-6027
1453,f,2023-12-31,1956-02-19,Samantha Price Smith,Single,non-prime,Inactive,noRtH AmERICA,usa!,NEW yoRk#,  NEw YOrK  ,10001$,samantha.price@@gmail.com,+51-908-5588
1454,female,2023-09-29,1979-08-05,Thomas Rodgers,m,non-prime,Inactive,SOUth AmERICa,brAZil,são PaUlo,são PaUlo,01000-000,thomasrodgers@hotmailcom,+19-600-3753
1455,f,2025-03-01,1965-02-09,Jamie,single,non-prime,,sOuTH AmErIca,  bRaziL  $,RiO De jAnEIRO,RiO De jAnEIRO,  20000-000  ,jamie@@hotmail.com,+76-856-3804
1456,Other,2023-09-27,1977-10-04,Robert Richards,single,,,AsIa!,INDia,kArNAtaKA#,bEnGaLUrU#,560001, robert.richards@gmail.com ,
1457,M,2024-04-16,1958-12-06,Christopher,,prime,Suspended,asIA#,INDIa$,mAharaShTRA,mUmBAI,400001,christopherhotmail.com,+94-149-6880
1458,m,2025-06-02,1984-08-17,Alexander Harris Chen,married,non-prime,,Asia$,  jAPan  @,ToKYo,shINjUKu#,1600022,,+95-707-3556
1459,,2025-04-20,1974-12-17,Benjamin Turner,married,prime,Inactive,ASIA,JApAN$,osaka,KitA@,5300001!,,+74-865-1929
1460,m,2024-06-11,2003-08-31,Joan Patterson,,non-prime,Inactive,euROpe#,  GERMAny  $,bAVARIa,  MunIcH  $,80331,joan.patterson@@yahoo.com,+73-652-5049
1461,,2024-12-27,1990-03-30,Karen,M,non-prime,,  EuROpe  ,  gERmaNy  ,bERlIn,bERlIn,10115,,+99-315-5185
1462,,2024-04-05,1971-11-11,Lindsey Thomas,single,non-prime,,aFRicA,  nIgERiA  ,  lAGOS  ,  IKEJa  $,100001,lindsey.thomas@gmail.comm,+51-419-3916
1463,male,2023-10-01,1961-10-09,Samuel Singh,s,prime,Active,  aFRica  #,nIgerIa,  AbUja  @!,@#  MaItAmA  ,900271, samuel@gmail.com ,+91-666-9257
1464,male,2023-08-07,1980-01-13,Sara Singh,m,prime,Inactive,  NOrTh aMErIcA  ,UsA,  CALIFoRNia  ,lOS angeLES,90001,,+10-833-9004
1465,f,2023-08-01,1959-05-23,Brian Coleman,m,prime,Active,North AmeRIca,  uSA  ,neW YORk,neW YORk,10001$,BRIAN.COLEMAN@HOTMAIL.COM,+70-582-1863
1466,Male,2025-06-01,1977-10-31,Stephen Malone,single,prime,Inactive,  souTH AMERicA  ,BraZIl,SÃO paUlO$,SÃO paUlO$,01000-000,stephenmalone@gmailcom,+94-490-5059
1467,Male,2024-09-04,1969-08-28,Teresa Carter,Single,prime,Active,  SouTh AmERicA  ,  BRazIl  ,RiO De JANEIro,  rio de JanEIRO  ,20000-000,teresa.carter@gmail.comm,+42-931-1670
1468,F,2023-11-29,,Amanda,Single,non-prime,Inactive,  ASIa  ,  INDiA  ,  KaRnAtAka  ,  bENGalURU  ,  560001  @,amanda@yahoo.comm,+57-365-6493
1469,female,2024-11-24,1975-03-14,Caitlin,single,non-prime,,ASIa#,  INdiA  ,  mahArAsHtRA  ,MUmbAI!,400001,CAITLIN@YAHOO.COM,+76-500-3289
1470,Other,2024-09-08,1955-03-24,Daniel Burns,single,non-prime,Active,  asia  ,  JApAN  ,TokyO,  shinjuku  ,1600022,daniel.burnshotmail.com,+6-827-3960
1471,M,2024-01-21,1968-07-26,Tammy Cunningham Singh,single,non-prime,Suspended,aSiA,JapAn,osAKa,kItA,5300001,tammy.cunninghamgmail.com,+62-368-8379
1472,m,2024-02-19,2001-10-31,Tyler,,prime,Active,  eUrOPe  @,GerMAny,baVaRiA,MUNICh#,80331,,+63-724-6239
1473,Male,2023-10-19,1972-11-12,Loretta Almeida,M,,Active,eUROPe,geRMany,bERlIn,bERlIn,10115, loretta@gmail.com ,+42-537-1041
1474,m,2024-03-08,1994-07-17,Ann Hobbs,m,non-prime,Suspended,AfrIcA,  niGERIA  ,  lAGOS  ,  IKeJa  ,100001,annhobbs@gmailcom,+45-964-8715
1475,female,2024-01-09,2003-09-13,Christopher,married,prime,Active,AfRICA,niGErIa@,  abUja  #,MAItAmA$,900271,CHRISTOPHER@YAHOO.COM,+55-557-8197
1476,F,2023-11-12,1999-06-07,Tony,m,non-prime,Inactive,  NoRTh amERiCA  ,Usa@,caLifOrNiA,  LOs AngELES  @,90001,,
1477,,2024-01-13,1999-11-12,Kim,single,non-prime,,North AMeRIcA,  UsA  ,NeW YORK,  NEW YoRk  ,10001,kim@@gmail.com,+32-713-9352
1478,male,2025-02-03,1955-01-13,Kelly Alexander,m,non-prime,,south AmeRiCA,BraZIL$,SãO pAuLO,sÃo PauLO#,01000-000#,kelly.alexander@@hotmail.com,+12-454-6543
1479,Female,2023-11-18,1977-09-08,Joshua Vasquez,M,non-prime,Inactive,SouTH AmeRicA,  BRAzIl  ,  RIo dE JaNEIrO  ,  RIo dE JaNEIrO  ,  20000-000  ,,+51-709-8177
1480,m,2024-08-25,1990-08-16,Joshua Roberts,M,prime,Active,AsIa#,  iNDIA  ,kArNAtaKA#,bEnGaLUrU#,560001,joshua.roberts@@yahoo.com,+45-612-5329
1481,Male,2024-05-12,1966-01-05,Patrick Jackson,single,non-prime,,asiA,  INDIA  ,  mAHaRAShtRa  ,mUMbaI,400001,,
1482,f,2023-09-18,1974-02-03,Carrie Kane,single,prime,Suspended,asIA,jAPAN,tOKyO,  shINJUku  ,1600022,,+77-100-3219
1483,other,2023-12-03,1959-01-27,Carrie Smith,single,non-prime,Inactive,  aSIA  ,JAPAn,OSAkA,  KiTa  @,  5300001  !,,+63-212-4430
1484,Female,2023-09-23,1960-06-09,Dustin Williams,M,prime,Active,eUrOpe,  gERmaNy  ,bAVARIa,  MunIcH  $,80331#,,+11-671-2046
1485,f,2024-05-11,1973-09-04,Courtney Phelps,m,non-prime,,  EuRope  ,  gErmANy  ,  bErLIn  ,  bErLIn  ,10115, courtney.phelps@hotmail.com ,+90-166-7314
1486,F,2024-01-30,1973-10-17,Joseph,single,prime,,aFrIca@,  NIGEriA  ,  lAGOS  ,  iKeJA  ,100001,,+55-236-4091
1487,male,2024-10-24,1974-06-03,Traci Evans,Married,non-prime,,  afRICa  ,nIGeRiA,  AbUja  @!,@#  MaItAmA  ,900271,traci.evans@@gmail.com,+52-250-7811
1488,Female,2024-09-20,1969-06-12,William Fuentes,single,non-prime,Suspended,NOrTh ameRICa,uSA,cALiFoRnIA,LOS aNgELES,90001,william.fuentes@@yahoo.com,+6-523-1303
1489,Female,2024-09-19,1993-03-03,Derek Adams,,non-prime,Active,NortH AMeRICa!,usA#,new YOrK,  neW yORK  $,10001,derek.adams@yahoo.comm,+29-430-4113
1490,Female,2025-03-10,1994-09-04,Michael Thompson,Married,non-prime,,  soUtH America  ,braZil,  sÃO pAULO  ,  sÃO pAULO  ,01000-000,michael.thompson@@hotmail.com,+96-316-8992
1491,F,2023-09-14,1991-06-06,Sara,s,prime,Active,  sOUTH AMERICa  ,bRaZIL@,  rIo De JanEIRO  ,  rIo De JanEIRO  ,20000-000,saragmail.com,+82-288-3689
1492,f,2023-11-05,,Sarah Mccarty,,prime,Suspended,asia,  iNDia  !,kaRnAtAka,  benGaLUrU  ,560001#,,+21-480-4227
1493,M,2024-01-06,2002-07-25,Michael Ray,married,prime,Active,aSia,indIA,  MahArASHtrA  ,mumBAI#,400001!, michael.ray@gmail.com ,
1494,other,2023-12-23,1956-01-17,Derek,single,non-prime,Inactive,Asia,JaPAN,    TokyO    @,  SHiNJUKu  ,1600022,derek@hotmail.comm,+77-548-4562
1495,m,2024-12-19,1995-03-18,Kaitlin Moody,,prime,,ASiA,  JapAN  ,osaka,KitA@,5300001,,+20-679-5546
1496,Female,2025-04-16,1962-07-22,Amber García,s,prime,Inactive,EuROpE,gERmany,bAVARIa,  MunIcH  $,80331,ambergmail.com,+29-365-8369
1497,f,2025-04-24,1996-06-05,Amy Wong Yadav Ali,s,,Active,  EurOpE  ,GeRMaNY@,BeRLIN,beRlIN,10115,amy.wong@hotmail.comm,
1498,f,2023-08-05,1968-07-25,Zachary Velasquez,s,non-prime,Suspended,  aFRICA  ,  NiGERia  ,  LaGoS  ,  iKeJA  ,100001@, zachary.velasquez@gmail.com ,+18-264-5347
,,2024-11-03,1977-08-31,Leslie Mcdaniel,s,prime,,  AFRiCA  !,  NIGeriA  ,AbUJa#,MaITaMA,900271,LESLIE.MCDANIEL@HOTMAIL.COM,+1-992-3243
